지점,지점명,일시,평균기온(°C),최저기온(°C),최저기온 시각(hhmi),최고기온(°C),최고기온 시각(hhmi),일강수량(mm)
108,서울,2014-08-01,30.2,24.7,527,34.7,1407,
108,서울,2014-08-02,31.4,28.7,614,35.8,1301,0
108,서울,2014-08-03,26.5,24.1,532,30.5,1209,13
108,서울,2014-08-04,26.4,24.7,402,29.6,1740,6.5
108,서울,2014-08-05,26.6,25,204,29.2,1630,0
108,서울,2014-08-06,24.4,22.5,2028,26.2,1,10.5
108,서울,2014-08-07,24.7,22.6,1,27.1,1553,.2
108,서울,2014-08-08,26.1,21.9,608,30.6,1452,
108,서울,2014-08-09,26.5,22.3,429,31.6,1457,
108,서울,2014-08-10,23.4,19.6,2359,27.7,1119,42.5
108,서울,2014-08-11,23.7,18.3,547,28.6,1504,
108,서울,2014-08-12,25.8,22.3,552,30.4,1606,
108,서울,2014-08-13,24.2,22.5,2350,26.7,1208,0
108,서울,2014-08-14,22.3,21.4,553,24.2,1129,.5
108,서울,2014-08-15,24.9,20.9,641,29.6,1713,
108,서울,2014-08-16,26.1,22.2,532,31.8,1433,
108,서울,2014-08-17,24,22.9,2347,25,1,3
108,서울,2014-08-18,22.3,20.9,702,24.4,1446,11.5
108,서울,2014-08-19,22.3,20.4,405,25.3,1632,4.5
108,서울,2014-08-20,24.8,22.4,432,28,1524,.5
108,서울,2014-08-21,23.1,21.8,2203,24.6,1,46.5
108,서울,2014-08-22,24.7,21.8,304,28.2,1403,15
108,서울,2014-08-23,25.2,22.8,2346,29.7,1519,.5
108,서울,2014-08-24,25.6,20.7,643,30.7,1323,.1
108,서울,2014-08-25,25.9,24.1,549,28.6,1502,0
108,서울,2014-08-26,25.4,21.6,2322,29.6,1343,11.5
108,서울,2014-08-27,24.6,21.1,240,28.6,1427,
108,서울,2014-08-28,25.1,19.8,622,30.7,1538,
108,서울,2014-08-29,25.2,21,626,30.1,1457,6.5
108,서울,2014-08-30,24.6,19.9,610,30.7,1442,
108,서울,2014-08-31,24.1,20.7,553,29,1539,
108,서울,2014-09-01,24.1,20.4,523,29.7,1331,1.5
108,서울,2014-09-02,23.1,19.3,2400,27.7,1319,6
108,서울,2014-09-03,19.1,17.4,308,20.6,1542,57.5
108,서울,2014-09-04,22.4,18,615,27.6,1438,
108,서울,2014-09-05,23.8,20,617,29,1609,
108,서울,2014-09-06,25.2,20.3,608,30.8,1411,
108,서울,2014-09-07,25.3,19.8,613,31.3,1415,
108,서울,2014-09-08,24.8,20.6,602,30.2,1443,
108,서울,2014-09-09,23.3,19.9,2358,28.2,1451,
108,서울,2014-09-10,22.4,16.7,629,28.9,1527,
108,서울,2014-09-11,23.3,17.5,621,29.2,1528,
108,서울,2014-09-12,21.3,18.6,550,26.6,1355,.1
108,서울,2014-09-13,23.1,18.6,614,28.3,1441,
108,서울,2014-09-14,23,18.2,608,28.4,1343,
108,서울,2014-09-15,23.1,20.6,2340,27.5,1404,
108,서울,2014-09-16,21.3,15.8,640,27,1430,
108,서울,2014-09-17,20.2,17.6,628,22.6,1426,
108,서울,2014-09-18,20.6,16.2,603,27,1545,
108,서울,2014-09-19,21.4,14.9,609,28.4,1506,
108,서울,2014-09-20,21.6,15.4,607,28.1,1616,
108,서울,2014-09-21,20.2,17.5,356,25.6,1553,0
108,서울,2014-09-22,21.4,15,611,27.9,1539,
108,서울,2014-09-23,23,18.1,544,29,1445,
108,서울,2014-09-24,20.3,18,1012,23.8,1602,6.5
108,서울,2014-09-25,22.2,17.7,704,27.7,1429,
108,서울,2014-09-26,21,18.6,512,24.2,1543,0
108,서울,2014-09-27,21.4,18.3,616,25.1,1338,
108,서울,2014-09-28,21.7,19.2,627,24.7,1521,.5
108,서울,2014-09-29,19.4,17.7,2357,20.7,1,16
108,서울,2014-09-30,18.9,15.4,529,23.7,1500,
108,서울,2014-10-01,19.2,14.9,458,24.4,1452,
108,서울,2014-10-02,18.1,17.1,2323,20.1,1430,9
108,서울,2014-10-03,16.1,13.4,2358,20.8,1600,
108,서울,2014-10-04,16.9,11.6,506,23,1402,
108,서울,2014-10-05,17.1,12.5,628,23.2,1535,
108,서울,2014-10-06,16.6,10.5,702,22.6,1514,
108,서울,2014-10-07,16.1,11.6,633,22.5,1305,
108,서울,2014-10-08,16.7,10,630,23.6,1419,
108,서울,2014-10-09,18.6,12.4,423,25.4,1517,
108,서울,2014-10-10,19,12.5,648,26.3,1336,
108,서울,2014-10-11,19.4,13.6,643,25.6,1539,
108,서울,2014-10-12,21.2,13.9,653,29,1415,
108,서울,2014-10-13,17.4,11,2352,21.7,1226,
108,서울,2014-10-14,13.8,8.5,619,20,1348,
108,서울,2014-10-15,13.8,8.9,612,20,1434,
108,서울,2014-10-16,13.2,9.3,2400,18,1442,2.5
108,서울,2014-10-17,13.6,6.6,652,21.2,1431,
108,서울,2014-10-18,15.5,9.4,700,22.5,1529,
108,서울,2014-10-19,17,11.2,656,22.7,1319,
108,서울,2014-10-20,14.4,12.9,520,17.1,1,21.5
108,서울,2014-10-21,13.8,11.9,2344,15.7,1,18.5
108,서울,2014-10-22,13.6,10.4,628,18.7,1251,
108,서울,2014-10-23,13.8,8.5,641,20.6,1421,
108,서울,2014-10-24,15.1,9.9,553,21,1531,
108,서울,2014-10-25,16.5,12.9,351,22.2,1452,
108,서울,2014-10-26,16,11.6,2356,19.9,1247,.5
108,서울,2014-10-27,10.7,6.1,724,16.9,1336,
108,서울,2014-10-28,10.2,2.7,703,19.4,1507,
108,서울,2014-10-29,12.1,4.9,655,20.8,1539,
108,서울,2014-10-30,14.2,7.7,641,20.8,1358,
108,서울,2014-10-31,15,12.8,620,18.2,1401,.2
108,서울,2014-11-01,17.3,15.1,513,22.9,1400,
108,서울,2014-11-02,12,7.1,2357,15.4,1508,2.5
108,서울,2014-11-03,9.3,3.8,613,14.8,1517,
108,서울,2014-11-04,11.3,5.4,654,18.5,1415,
108,서울,2014-11-05,12.4,6.4,615,18.4,1300,
108,서울,2014-11-06,13.5,9.5,2400,17.7,1338,.5
108,서울,2014-11-07,9.8,5.1,638,16.5,1357,
108,서울,2014-11-08,9.9,6.9,338,15.1,1537,
108,서울,2014-11-09,10,6.3,643,15.5,1437,
108,서울,2014-11-10,9.4,3.5,731,16.5,1506,
108,서울,2014-11-11,9.4,4.6,723,14.5,1419,2
108,서울,2014-11-12,6,-1.3,2338,10,220,5
108,서울,2014-11-13,-.2,-3.1,716,4.3,1544,
108,서울,2014-11-14,4.2,-1.4,36,10,1522,0
108,서울,2014-11-15,4.1,-.5,619,9.5,1437,
108,서울,2014-11-16,6.6,2.6,742,12.4,1417,1
108,서울,2014-11-17,6.2,3.8,2358,9,1335,1.5
108,서울,2014-11-18,5,1.7,804,10.4,1438,
108,서울,2014-11-19,5.6,-.6,737,12.6,1413,
108,서울,2014-11-20,7.9,2.7,711,14.6,1412,
108,서울,2014-11-21,11.3,5.9,710,16.5,1324,
108,서울,2014-11-22,11,8,2359,12.7,20,4
108,서울,2014-11-23,9,6.3,725,12.3,1406,
108,서울,2014-11-24,9.8,8,541,13.2,1418,
108,서울,2014-11-25,10.2,6.6,526,15.1,1310,
108,서울,2014-11-26,11,8.2,308,16.3,1535,
108,서울,2014-11-27,10.4,6.7,432,14.9,1558,
108,서울,2014-11-28,8.8,6.5,2354,10.1,721,18
108,서울,2014-11-29,8.3,5.5,809,12.8,1449,
108,서울,2014-11-30,9.1,7.2,1,11.1,1529,7
108,서울,2014-12-01,-1.1,-7.2,2356,7.9,1,.5
108,서울,2014-12-02,-5.4,-8.2,458,-2.7,1442,0
108,서울,2014-12-03,-3.3,-6.5,713,-.5,1436,.9
108,서울,2014-12-04,-4.6,-7.4,705,-.2,1344,0
108,서울,2014-12-05,-6.6,-10.1,751,-2.5,1545,
108,서울,2014-12-06,-5.6,-8.8,732,-.5,1352,
108,서울,2014-12-07,-3.4,-8.2,155,.2,1517,
108,서울,2014-12-08,-1.6,-4.8,2343,2.7,1439,
108,서울,2014-12-09,-2.4,-7.4,617,4.1,1517,
108,서울,2014-12-10,1.6,-1.9,722,4.2,1532,2
108,서울,2014-12-11,-1.5,-5.2,2326,3.2,57,.5
108,서울,2014-12-12,-3.8,-7,556,.5,1221,.1
108,서울,2014-12-13,-5.2,-7.3,756,-2,1429,
108,서울,2014-12-14,-3.6,-8.6,500,.6,1256,0
108,서울,2014-12-15,-.1,-1.7,246,2,1308,10.5
108,서울,2014-12-16,-4.9,-9.4,2348,1.7,209,0
108,서울,2014-12-17,-9,-11.1,716,-5.2,1342,
108,서울,2014-12-18,-8.3,-13.2,712,-2.2,1535,
108,서울,2014-12-19,-3.8,-8.1,652,0,2228,.9
108,서울,2014-12-20,-1.7,-6.6,2335,2.1,630,2
108,서울,2014-12-21,-6.4,-9,815,-1.3,1156,0
108,서울,2014-12-22,-4.7,-9.7,520,.8,1522,.3
108,서울,2014-12-23,-1.3,-5.7,536,1.8,1505,
108,서울,2014-12-24,1.7,-3.1,2349,6.4,1255,.2
108,서울,2014-12-25,-2.6,-5.9,734,1.8,1450,
108,서울,2014-12-26,-3.2,-7.4,727,2.5,1500,
108,서울,2014-12-27,-1.8,-6.3,758,5,1418,
108,서울,2014-12-28,-.8,-3.6,714,1.6,1405,
108,서울,2014-12-29,2.9,-.5,1,6.4,1318,
108,서울,2014-12-30,1.9,-1.6,2347,6.3,1507,
108,서울,2014-12-31,-1.9,-6.9,2352,1.7,1535,0
108,서울,2015-01-01,-7.7,-9.8,745,-4.3,1500,
108,서울,2015-01-02,-6,-9,730,-1.9,1513,
108,서울,2015-01-03,-2.7,-9.2,429,3.1,1511,
108,서울,2015-01-04,2.5,.2,534,8.5,1521,0
108,서울,2015-01-05,3.7,-1.1,409,7.9,1433,.4
108,서울,2015-01-06,-3.2,-7.6,2346,4,1,3
108,서울,2015-01-07,-5.5,-8.9,327,-.6,1529,
108,서울,2015-01-08,-5.1,-9.5,732,-.2,1453,
108,서울,2015-01-09,-2.1,-6.8,753,3.5,1518,
108,서울,2015-01-10,-.3,-5.6,730,4.8,1530,
108,서울,2015-01-11,-.4,-4.3,2356,2.5,1422,
108,서울,2015-01-12,-2.7,-7.3,715,3.7,1345,
108,서울,2015-01-13,.2,-5.1,528,5.8,1508,
108,서울,2015-01-14,2.5,-.3,510,6.1,1357,
108,서울,2015-01-15,2.8,-1.1,759,9,1517,
108,서울,2015-01-16,.8,-2.5,2301,3.4,1247,.3
108,서울,2015-01-17,-4.1,-7.7,750,0,1556,
108,서울,2015-01-18,-1.3,-6.5,433,2.1,1249,4
108,서울,2015-01-19,-.1,-4,2355,3.1,1230,.1
108,서울,2015-01-20,-.9,-6.4,739,4.4,1448,
108,서울,2015-01-21,2.6,-1.2,725,6.5,1337,
108,서울,2015-01-22,3.1,.8,639,7.1,1414,
108,서울,2015-01-23,1.2,-1.6,721,4.9,1631,
108,서울,2015-01-24,3.7,.8,731,8.4,1440,
108,서울,2015-01-25,3,1.1,719,5,1331,3
108,서울,2015-01-26,3.6,.2,2212,6.5,1628,.5
108,서울,2015-01-27,-3.6,-7.4,2353,.5,1,
108,서울,2015-01-28,-4.1,-9.1,750,2.7,1452,
108,서울,2015-01-29,-1.1,-4.6,122,3,1502,
108,서울,2015-01-30,-3.3,-7,2319,.8,1353,
108,서울,2015-01-31,-4.5,-8.5,601,.8,1536,
108,서울,2015-02-01,-3,-8.2,741,3.6,1402,
108,서울,2015-02-02,-.6,-5.3,647,6.4,1542,
108,서울,2015-02-03,.6,-3.5,607,7.2,1449,
108,서울,2015-02-04,.4,-3.1,559,5.8,1444,
108,서울,2015-02-05,-.1,-3.8,752,4.8,1421,
108,서울,2015-02-06,.4,-4.3,708,6.5,1449,
108,서울,2015-02-07,1.2,-2.7,2357,5.7,1431,
108,서울,2015-02-08,-9.8,-11.9,748,-2.8,1,
108,서울,2015-02-09,-5.7,-13,601,-.1,1616,.2
108,서울,2015-02-10,1.7,-2,34,5.8,1445,
108,서울,2015-02-11,2.7,-.8,2359,8,1436,
108,서울,2015-02-12,-2.2,-4.7,750,1.6,1526,
108,서울,2015-02-13,-1.6,-6.4,736,4,1448,
108,서울,2015-02-14,2,-3.1,435,6.6,1719,
108,서울,2015-02-15,7.9,3.2,747,13,1455,
108,서울,2015-02-16,5,4.1,2400,7.9,1,10.5
108,서울,2015-02-17,1.9,.5,2358,4.1,1,.5
108,서울,2015-02-18,.8,-1.5,640,3.3,1238,0
108,서울,2015-02-19,2.2,-2.7,651,8.6,1522,
108,서울,2015-02-20,5.2,-1.3,651,11.4,1524,
108,서울,2015-02-21,5.7,4.8,1443,6.7,1,8
108,서울,2015-02-22,3.5,-.7,2355,7,432,2.5
108,서울,2015-02-23,.9,-2.4,720,5.9,1442,
108,서울,2015-02-24,2.1,-1.1,411,7.5,1519,
108,서울,2015-02-25,5.4,.2,424,12.5,1406,.5
108,서울,2015-02-26,1.2,-3.5,2313,4.7,138,.5
108,서울,2015-02-27,-1.3,-5.6,701,4.8,1601,
108,서울,2015-02-28,2.7,-2,326,6.4,1622,
108,서울,2015-03-01,2.4,-.2,2356,5.9,1436,0
108,서울,2015-03-02,3.9,-1.9,634,9.7,1523,
108,서울,2015-03-03,2.8,-1.3,2357,6.7,1259,5.5
108,서울,2015-03-04,-2.1,-4.6,657,1.4,1429,
108,서울,2015-03-05,-.3,-5.4,721,5.5,1542,
108,서울,2015-03-06,2.9,-3.2,510,10.4,1533,
108,서울,2015-03-07,4.2,-2.3,658,11,1415,
108,서울,2015-03-08,7.7,.4,642,15.1,1537,
108,서울,2015-03-09,2.2,-5.4,2346,8.2,1,
108,서울,2015-03-10,-3.4,-6.9,632,1,1601,
108,서울,2015-03-11,.4,-5.1,610,7.5,1534,
108,서울,2015-03-12,2.1,-3.5,631,6.7,1516,
108,서울,2015-03-13,5.6,1.8,2357,11,1525,.1
108,서울,2015-03-14,4.3,-1.2,710,11.6,1445,
108,서울,2015-03-15,5.5,0,650,12.5,1511,
108,서울,2015-03-16,9.8,1.3,703,18.6,1501,
108,서울,2015-03-17,10.7,6.9,457,16.1,1428,0
108,서울,2015-03-18,10.7,8.4,305,14.4,1212,1.5
108,서울,2015-03-19,12.4,6.5,650,21,1539,
108,서울,2015-03-20,13.4,7.6,516,21.9,1520,
108,서울,2015-03-21,11.7,6.9,701,17.8,1457,
108,서울,2015-03-22,8.3,2.2,2358,14.9,1252,
108,서울,2015-03-23,4.6,0,626,10.1,1407,
108,서울,2015-03-24,5.4,-.9,611,12.4,1535,
108,서울,2015-03-25,6.5,.1,653,14.2,1527,
108,서울,2015-03-26,7.9,1.6,612,14.8,1455,
108,서울,2015-03-27,9.1,3.2,551,16.2,1332,
108,서울,2015-03-28,9.7,2.5,628,17,1515,
108,서울,2015-03-29,10.5,7,213,16.5,1519,
108,서울,2015-03-30,13.2,5.9,552,20.8,1407,
108,서울,2015-03-31,12.9,10,424,14.9,1132,2.5
108,서울,2015-04-01,12.9,10,2352,17.6,1517,2.5
108,서울,2015-04-02,14.8,8.5,306,21.8,1356,28
108,서울,2015-04-03,10.6,6.9,718,15.1,1,3.5
108,서울,2015-04-04,13.5,8.9,620,18.5,1452,0
108,서울,2015-04-05,10.5,10.1,1156,12.2,1,.5
108,서울,2015-04-06,10.3,6.9,2351,15.4,1412,
108,서울,2015-04-07,8.4,5.5,521,12.2,1018,0
108,서울,2015-04-08,8.3,3.5,614,13.7,1612,
108,서울,2015-04-09,9.6,3.8,538,16.3,1439,
108,서울,2015-04-10,11.6,4.6,611,19.2,1520,
108,서울,2015-04-11,13.5,6.7,635,20.7,1428,
108,서울,2015-04-12,14.9,9.1,414,20.4,1439,
108,서울,2015-04-13,12,7.4,2354,17.6,1324,6.5
108,서울,2015-04-14,6.9,5.8,2235,8,1516,10.5
108,서울,2015-04-15,11.1,5.6,152,17,1615,1
108,서울,2015-04-16,9.9,6.9,2355,14.8,1034,7
108,서울,2015-04-17,10.5,4.8,545,16.1,1437,
108,서울,2015-04-18,15.2,5.2,539,23.7,1614,0
108,서울,2015-04-19,14.5,11.2,2357,17.3,22,12
108,서울,2015-04-20,12.2,10.3,403,16.8,1622,5.5
108,서울,2015-04-21,14,7.7,617,20.9,1523,
108,서울,2015-04-22,14.2,9.3,533,20.7,1532,0
108,서울,2015-04-23,14.5,8,601,20.1,1346,
108,서울,2015-04-24,15.7,10.4,625,22.8,1444,
108,서울,2015-04-25,15.9,9.2,551,23,1332,
108,서울,2015-04-26,17.3,9.9,527,24.4,1549,
108,서울,2015-04-27,18.5,12.7,606,24.9,1415,
108,서울,2015-04-28,20.3,12.3,603,26.9,1428,0
108,서울,2015-04-29,17,15.8,935,18.4,1,3.5
108,서울,2015-04-30,21.2,15.1,614,28.3,1526,
108,서울,2015-05-01,21,15.9,548,27.2,1509,
108,서울,2015-05-02,20.7,15.8,551,26,1413,.5
108,서울,2015-05-03,18.3,17.1,600,19.6,1819,3.5
108,서울,2015-05-04,16.1,12.5,2356,20.1,1138,
108,서울,2015-05-05,14.2,8.3,610,19.9,1436,
108,서울,2015-05-06,15.4,9.8,534,22,1546,
108,서울,2015-05-07,16.5,10.6,530,24,1306,
108,서울,2015-05-08,16.7,11.7,344,22.7,1449,
108,서울,2015-05-09,17.6,12.6,545,24,1539,
108,서울,2015-05-10,19.1,13.5,609,25.9,1511,
108,서울,2015-05-11,18.4,14.4,229,24.1,1505,14
108,서울,2015-05-12,13.3,10.3,518,17.5,1450,9.5
108,서울,2015-05-13,17.4,11.8,131,21.4,1306,0
108,서울,2015-05-14,20.4,15.3,528,26.6,1543,
108,서울,2015-05-15,19.1,16.3,750,23.7,1759,
108,서울,2015-05-16,18,11.6,545,25.2,1407,
108,서울,2015-05-17,18.6,11.7,524,25.2,1503,
108,서울,2015-05-18,17.7,13.7,456,22.2,1341,
108,서울,2015-05-19,14.8,13,2353,16.2,1210,1
108,서울,2015-05-20,16.3,10.6,501,21.9,1552,
108,서울,2015-05-21,18.7,12.6,546,26,1427,
108,서울,2015-05-22,20,13.7,424,27.2,1352,
108,서울,2015-05-23,20.6,13.6,610,28.3,1547,
108,서울,2015-05-24,21,14,610,28.5,1517,
108,서울,2015-05-25,20.8,14.4,534,28.7,1359,
108,서울,2015-05-26,21.5,14.1,513,30.3,1444,
108,서울,2015-05-27,23.2,14.4,536,31.5,1504,
108,서울,2015-05-28,24.3,16.7,550,32.2,1323,
108,서울,2015-05-29,23.8,18.5,446,29.8,1305,
108,서울,2015-05-30,19.8,17,2354,23.2,1715,.4
108,서울,2015-05-31,22.1,15.3,503,30.4,1528,
108,서울,2015-06-01,21.7,15.8,601,28.5,1312,
108,서울,2015-06-02,23.1,18.1,411,29.8,1344,
108,서울,2015-06-03,23.3,17.1,559,29.4,1639,
108,서울,2015-06-04,24.2,17.1,602,31.5,1255,
108,서울,2015-06-05,19.1,17.5,2300,22,1,1
108,서울,2015-06-06,22.4,16.4,540,28.9,1523,
108,서울,2015-06-07,23.4,18.7,450,31.5,1602,
108,서울,2015-06-08,22.4,18.2,456,27.8,1503,
108,서울,2015-06-09,22.2,18.8,249,28.1,1336,
108,서울,2015-06-10,25.3,17.6,424,34.9,1519,
108,서울,2015-06-11,24.6,20.7,429,30.2,1216,7.5
108,서울,2015-06-12,23.6,19.4,529,29.9,1547,.5
108,서울,2015-06-13,24.7,20.1,454,30.9,1344,.5
108,서울,2015-06-14,22.8,17.8,725,27.7,1348,15.5
108,서울,2015-06-15,24.2,19.6,518,30.6,1443,
108,서울,2015-06-16,25,20,516,30.9,1535,
108,서울,2015-06-17,23.4,20.2,2359,30.8,1323,9.5
108,서울,2015-06-18,24.8,19.6,540,31.3,1724,3
108,서울,2015-06-19,24.5,20,451,29.9,1613,
108,서울,2015-06-20,19.6,17,2355,22.6,1,44.5
108,서울,2015-06-21,22.4,15.6,505,29.6,1537,
108,서울,2015-06-22,24,19.4,426,29.1,1430,
108,서울,2015-06-23,24.7,19.7,516,31,1530,
108,서울,2015-06-24,25.7,21.1,513,30.6,1346,
108,서울,2015-06-25,24.8,21,2330,29.1,1407,2
108,서울,2015-06-26,21,18,418,25.3,1638,12.5
108,서울,2015-06-27,25.2,19.2,544,31.1,1555,
108,서울,2015-06-28,25.4,21,551,31.1,1402,
108,서울,2015-06-29,25.7,21.2,525,30.6,1417,0
108,서울,2015-06-30,24.4,21.9,2031,29.2,1317,2.5
108,서울,2015-07-01,23.7,21,600,27.9,1349,.5
108,서울,2015-07-02,23.7,20.4,505,29.3,1552,
108,서울,2015-07-03,23.3,19.2,541,28.3,1340,
108,서울,2015-07-04,24.1,18.2,523,29.9,1604,
108,서울,2015-07-05,24.2,20.1,547,29.6,1256,
108,서울,2015-07-06,25.3,20.2,532,32.5,1544,
108,서울,2015-07-07,25.6,21.4,524,29.7,1441,
108,서울,2015-07-08,23.4,20.7,458,26.3,1539,.5
108,서울,2015-07-09,26.5,22.1,529,31.8,1350,
108,서울,2015-07-10,29.2,23.6,422,34.3,1459,
108,서울,2015-07-11,30.4,25.7,525,36,1446,0
108,서울,2015-07-12,24.8,24,603,28,1,29
108,서울,2015-07-13,23.1,21.4,1214,24.9,1823,10
108,서울,2015-07-14,26.1,22.5,428,31.4,1440,
108,서울,2015-07-15,27.9,22.7,531,33.9,1645,
108,서울,2015-07-16,24.7,20.6,2351,28.9,1539,
108,서울,2015-07-17,23.6,18.4,539,28.6,1521,
108,서울,2015-07-18,24.3,22.3,516,27.8,1537,.5
108,서울,2015-07-19,25.1,21.3,705,29.8,1633,5
108,서울,2015-07-20,27.5,24.4,544,31.2,1226,
108,서울,2015-07-21,27,24.6,829,29.6,1708,11
108,서울,2015-07-22,27.7,25.3,558,31.7,1544,1
108,서울,2015-07-23,26.9,24.9,2149,32.1,1342,16
108,서울,2015-07-24,24.7,22.6,948,25.4,27,26.5
108,서울,2015-07-25,25,24.4,18,26.4,1357,80
108,서울,2015-07-26,26,23.5,705,30,1441,40.5
108,서울,2015-07-27,26.2,24.4,519,30,1717,1.5
108,서울,2015-07-28,27.7,24.6,431,31.2,1342,0
108,서울,2015-07-29,26.7,24.8,929,28.8,1752,4
108,서울,2015-07-30,28.6,25.5,359,33.1,1521,
108,서울,2015-07-31,27.9,26.2,348,32.4,1405,
108,서울,2015-08-01,28.2,26,338,31.6,1514,
108,서울,2015-08-02,26.5,24.1,227,29.2,1609,16.5
108,서울,2015-08-03,27.9,25.6,550,31.5,1510,0
108,서울,2015-08-04,27.5,25.4,516,30.8,1540,
108,서울,2015-08-05,28.6,25.9,748,32.7,1530,.1
108,서울,2015-08-06,29.3,24.5,611,34.4,1422,
108,서울,2015-08-07,28.9,26,1705,34.4,1453,11
108,서울,2015-08-08,26.6,24.3,1500,33,1241,7.5
108,서울,2015-08-09,26.7,23.3,548,31,1525,
108,서울,2015-08-10,27,23.9,545,32,1535,
108,서울,2015-08-11,26.8,24.5,335,30.6,1601,
108,서울,2015-08-12,27.3,22.1,533,32.9,1540,
108,서울,2015-08-13,26.5,23.9,545,31.1,1629,0
108,서울,2015-08-14,26.9,22.7,436,32.5,1436,
108,서울,2015-08-15,27.1,23.1,559,30.8,1302,.1
108,서울,2015-08-16,25.8,20.7,2351,31.2,1520,29
108,서울,2015-08-17,26.6,19.8,532,32.9,1547,
108,서울,2015-08-18,27.9,24.1,555,32.2,1735,
108,서울,2015-08-19,26.8,24.2,543,29.7,1339,0
108,서울,2015-08-20,25.4,24.2,2340,28.1,1030,.4
108,서울,2015-08-21,25.2,23,630,29.3,1645,2.5
108,서울,2015-08-22,25.5,23.4,636,29.6,1545,0
108,서울,2015-08-23,26.3,20.9,610,31.7,1405,
108,서울,2015-08-24,26.3,23.3,546,30.3,1307,
108,서울,2015-08-25,21.7,19.2,2359,24.5,1,5.5
108,서울,2015-08-26,21.9,18.9,204,25.3,1141,0
108,서울,2015-08-27,24.7,21.2,641,30,1557,0
108,서울,2015-08-28,23.2,19,539,28.1,1303,.3
108,서울,2015-08-29,24.4,19,542,30.8,1512,
108,서울,2015-08-30,24.9,19.9,621,31,1523,0
108,서울,2015-08-31,25.9,21,504,31.2,1406,
108,서울,2015-09-01,25.9,22.6,559,30.7,1405,
108,서울,2015-09-02,23.9,22,2353,27.7,1132,.5
108,서울,2015-09-03,23.9,19.8,629,28.2,1604,18
108,서울,2015-09-04,24.8,20.6,553,30.7,1418,
108,서울,2015-09-05,21.9,19.4,1045,23.6,1,5
108,서울,2015-09-06,22.2,19.3,640,26.2,1153,
108,서울,2015-09-07,22.6,16.8,622,28.7,1516,
108,서울,2015-09-08,22.7,16.2,632,28.9,1510,
108,서울,2015-09-09,22.4,15.3,620,30.1,1548,
108,서울,2015-09-10,22.4,17,559,28.4,1411,
108,서울,2015-09-11,21,16.8,2113,24.4,1155,2.5
108,서울,2015-09-12,19.2,15.5,630,24,1511,
108,서울,2015-09-13,20.2,15.2,614,26,1555,
108,서울,2015-09-14,22.1,16.4,613,27.8,1507,
108,서울,2015-09-15,22.8,17.4,517,28.7,1340,
108,서울,2015-09-16,21.6,16,625,26.7,1420,
108,서울,2015-09-17,21.4,15.5,643,27.6,1430,
108,서울,2015-09-18,21.9,15.9,548,29.2,1448,
108,서울,2015-09-19,22.3,17,649,29,1607,
108,서울,2015-09-20,22.1,17.9,500,28.3,1323,
108,서울,2015-09-21,22.6,16.5,624,29.4,1546,
108,서울,2015-09-22,23.9,18,614,31,1520,
108,서울,2015-09-23,22,19,620,26.1,1226,
108,서울,2015-09-24,23.4,17.5,534,30.6,1546,
108,서울,2015-09-25,23.4,19,626,29.8,1538,
108,서울,2015-09-26,22.4,17.9,707,28,1457,
108,서울,2015-09-27,21.9,14.2,633,29.8,1520,
108,서울,2015-09-28,21.4,15.5,648,28.3,1343,0
108,서울,2015-09-29,22.1,15.9,612,28.2,1510,
108,서울,2015-09-30,21.3,19.4,704,26.2,1447,
108,서울,2015-10-01,16.3,10.7,2343,19.7,119,35
108,서울,2015-10-02,16.5,8.6,524,21.5,1522,
108,서울,2015-10-03,19.2,13.3,2346,24.5,1409,
108,서울,2015-10-04,16.6,11.2,640,22.4,1506,
108,서울,2015-10-05,18,11,645,25.6,1512,
108,서울,2015-10-06,18.7,12.1,639,26.3,1404,
108,서울,2015-10-07,19.6,14.1,641,25.7,1245,
108,서울,2015-10-08,20.1,15.7,554,26.4,1509,
108,서울,2015-10-09,16.2,12.8,709,20.5,1432,
108,서울,2015-10-10,12.8,10.4,2347,17.2,1535,3.5
108,서울,2015-10-11,10.8,8.1,618,14.4,1327,3.5
108,서울,2015-10-12,12.3,8.2,651,17.9,1437,
108,서울,2015-10-13,15,7.8,638,21.3,1344,
108,서울,2015-10-14,17.1,10.9,658,24.5,1437,
108,서울,2015-10-15,17.9,12.1,635,26.1,1537,
108,서울,2015-10-16,17.5,13.2,647,24.2,1505,
108,서울,2015-10-17,18.7,12.4,648,26.6,1519,
108,서울,2015-10-18,17.9,12.4,705,24.2,1301,
108,서울,2015-10-19,18.1,13.6,509,23.9,1442,
108,서울,2015-10-20,18.8,15.4,238,25.1,1435,
108,서울,2015-10-21,17.9,13.9,614,22.7,1459,
108,서울,2015-10-22,17.5,14.5,308,23.1,1441,
108,서울,2015-10-23,17.5,15.2,1,21.4,1434,
108,서울,2015-10-24,16.9,13.2,2344,22,1540,10.5
108,서울,2015-10-25,16.3,12.1,640,22.8,1446,
108,서울,2015-10-26,15,12,253,18.7,1324,2
108,서울,2015-10-27,12.1,7.7,2351,15.9,1409,26.5
108,서울,2015-10-28,9.9,5.6,703,15.8,1546,
108,서울,2015-10-29,8.4,3.2,713,14.7,1404,.5
108,서울,2015-10-30,5.4,1.7,742,10.4,1505,
108,서울,2015-10-31,5.7,1.1,528,12.3,1521,
108,서울,2015-11-01,7,1.3,449,12.6,1439,
108,서울,2015-11-02,10.8,6.1,718,15.2,1526,
108,서울,2015-11-03,11.8,6.6,733,18.7,1503,
108,서울,2015-11-04,12.2,5.8,654,19.8,1458,
108,서울,2015-11-05,13.2,8.6,728,19.2,1351,
108,서울,2015-11-06,13.5,9.6,2334,19.2,1305,4.5
108,서울,2015-11-07,10.5,9.3,249,11.7,2246,24.5
108,서울,2015-11-08,11.1,10.3,2333,11.8,1225,10.5
108,서울,2015-11-09,10.8,9.8,654,12.1,1515,3.5
108,서울,2015-11-10,10,7.7,744,13.5,1624,
108,서울,2015-11-11,11.6,6.6,611,17.7,1350,
108,서울,2015-11-12,14.5,10.2,404,21,1422,
108,서울,2015-11-13,11.5,10.5,2000,13.1,910,22.5
108,서울,2015-11-14,12.8,11,1,14.2,1433,3.5
108,서울,2015-11-15,13.4,10.6,747,17.2,1400,
108,서울,2015-11-16,12.2,10.7,337,14,1446,5.5
108,서울,2015-11-17,13.9,11,655,19.3,1514,
108,서울,2015-11-18,10.4,8.4,2211,12.6,834,5.5
108,서울,2015-11-19,8.9,6.7,518,10.8,1428,
108,서울,2015-11-20,9.8,7.1,452,14.4,1345,
108,서울,2015-11-21,9.2,5,726,15.4,1451,
108,서울,2015-11-22,10.2,5.9,635,15.7,1315,3.5
108,서울,2015-11-23,8.5,6.5,2357,11,1438,6.5
108,서울,2015-11-24,5.6,2.7,645,8.8,1614,.5
108,서울,2015-11-25,2.4,.9,2355,5.3,1,11
108,서울,2015-11-26,-2.7,-4.8,2400,.9,1,0
108,서울,2015-11-27,-2.8,-7.3,606,2,1423,
108,서울,2015-11-28,.1,-2.7,1,2.6,1528,.1
108,서울,2015-11-29,2.5,1,1,3.9,2250,3
108,서울,2015-11-30,4.1,.9,2343,8.5,1523,
108,서울,2015-12-01,4,-1.3,717,10.4,1541,
108,서울,2015-12-02,6,2.9,2309,8.5,1126,13.5
108,서울,2015-12-03,-.7,-3.2,2357,3.3,1,7.1
108,서울,2015-12-04,-.4,-4.4,738,3.1,1643,
108,서울,2015-12-05,3.4,.6,2312,7.2,1331,
108,서울,2015-12-06,1.3,-2,800,7.8,1545,
108,서울,2015-12-07,1.9,-3.4,659,6.7,1514,
108,서울,2015-12-08,2.9,-1.4,716,9.6,1418,
108,서울,2015-12-09,5,-.8,602,10.9,1520,
108,서울,2015-12-10,7.8,5.8,2355,9.2,1327,.3
108,서울,2015-12-11,6.4,3.3,512,12.2,1345,
108,서울,2015-12-12,5.2,1.1,738,11,1519,
108,서울,2015-12-13,5.2,.9,802,12.2,1440,
108,서울,2015-12-14,5,2.6,45,6.4,1214,2.5
108,서울,2015-12-15,4.7,2,2349,8.2,1503,.1
108,서울,2015-12-16,-1,-5,2351,2.8,1259,
108,서울,2015-12-17,-4.6,-7.4,752,-.4,1522,
108,서울,2015-12-18,-3.3,-7,556,-1,2035,0
108,서울,2015-12-19,-.1,-4.6,746,6.8,1502,
108,서울,2015-12-20,1.5,-3.4,739,6,1530,
108,서울,2015-12-21,2.2,-.2,2355,5,1514,2
108,서울,2015-12-22,3.1,-1.5,746,7.7,1417,
108,서울,2015-12-23,5.9,2.9,2400,10.6,1518,.4
108,서울,2015-12-24,1.5,-1.6,2355,5.3,1418,
108,서울,2015-12-25,-.8,-4.9,801,3.7,1451,0
108,서울,2015-12-26,.9,-3.2,2357,4.7,1131,.7
108,서울,2015-12-27,-5.7,-8.9,751,-1,1505,
108,서울,2015-12-28,-5.7,-9.5,631,-1,1558,
108,서울,2015-12-29,-3.2,-8.7,739,2.9,1549,
108,서울,2015-12-30,.3,-3.5,608,4.3,1425,2.5
108,서울,2015-12-31,.7,-1.9,2358,2.8,1543,
108,서울,2016-01-01,1.2,-3.3,456,4,1442,
108,서울,2016-01-02,5.7,1,744,9.5,1514,
108,서울,2016-01-03,6.5,5.1,2359,9.4,1506,
108,서울,2016-01-04,2,-2.5,2350,5.3,1313,
108,서울,2016-01-05,-2.7,-4.8,844,1.5,1512,
108,서울,2016-01-06,-1.7,-4.9,230,1.7,1229,
108,서울,2016-01-07,-3.4,-5.9,732,1.4,1443,
108,서울,2016-01-08,-3.3,-6.9,408,1,1515,
108,서울,2016-01-09,-2.1,-6.2,813,2.4,1344,
108,서울,2016-01-10,.3,-2.7,2342,3.8,1256,
108,서울,2016-01-11,-3.8,-6.5,802,.9,1505,
108,서울,2016-01-12,-5.2,-9.1,637,.7,1536,
108,서울,2016-01-13,-4.5,-8.2,321,.1,1311,.4
108,서울,2016-01-14,-3.4,-8.4,658,1.3,1446,0
108,서울,2016-01-15,-.4,-4.3,740,5.3,1511,
108,서울,2016-01-16,-.2,-2.1,43,2.8,1547,.1
108,서울,2016-01-17,1.7,-.7,514,5.4,1513,
108,서울,2016-01-18,-6.3,-12.3,2340,.4,209,.2
108,서울,2016-01-19,-12.8,-15.1,805,-8.9,1411,
108,서울,2016-01-20,-10.5,-14.5,704,-5.2,1604,
108,서울,2016-01-21,-7.1,-10.2,3,-2.3,1442,
108,서울,2016-01-22,-7.6,-11.1,551,-3.8,1516,
108,서울,2016-01-23,-11.5,-16,2356,-8.3,1,0
108,서울,2016-01-24,-14.4,-18,730,-10.5,1620,
108,서울,2016-01-25,-9.4,-14.3,535,-3.4,1525,
108,서울,2016-01-26,-3.3,-8.5,230,1.7,1540,.3
108,서울,2016-01-27,-1.1,-4.7,734,4.3,1535,
108,서울,2016-01-28,-.5,-5.6,629,3.5,1555,
108,서울,2016-01-29,1.9,-1.4,610,5.4,1548,
108,서울,2016-01-30,.6,-2.5,750,5.2,1142,
108,서울,2016-01-31,-3.9,-6.5,2352,.3,1452,
108,서울,2016-02-01,-6,-9.1,606,-1,1535,
108,서울,2016-02-02,-5.3,-10,757,.9,1601,
108,서울,2016-02-03,-2.4,-8.3,736,4,1458,
108,서울,2016-02-04,-.7,-4,400,3.9,1448,
108,서울,2016-02-05,-2.2,-6.8,517,3.4,1504,
108,서울,2016-02-06,-3.1,-6.2,643,2,1509,
108,서울,2016-02-07,-2.9,-8.3,728,3.5,1434,
108,서울,2016-02-08,1.3,-4.3,720,5.5,1432,
108,서울,2016-02-09,.3,-3.9,758,5.5,1346,
108,서울,2016-02-10,2.7,-4.3,731,10.7,1442,
108,서울,2016-02-11,8.1,1.6,501,13.5,1603,.1
108,서울,2016-02-12,8.4,6.8,645,10,1,18
108,서울,2016-02-13,11,5.8,2400,14.4,1433,21
108,서울,2016-02-14,-2.6,-6.8,2359,5.8,1,2.5
108,서울,2016-02-15,-5.8,-10,707,-2.3,1612,0
108,서울,2016-02-16,-2.7,-6.7,553,1.1,1703,.8
108,서울,2016-02-17,0,-5.2,540,5.4,1513,
108,서울,2016-02-18,3.5,-1.4,640,7.8,1610,
108,서울,2016-02-19,2.3,.1,607,4.4,1519,
108,서울,2016-02-20,1.3,-2.5,2349,6.3,1407,
108,서울,2016-02-21,-.6,-4.2,704,4.4,1526,
108,서울,2016-02-22,1.1,-2.2,446,4.2,1536,0
108,서울,2016-02-23,.7,-4.5,2357,4.5,1444,.9
108,서울,2016-02-24,-3,-6.8,741,2.2,1429,
108,서울,2016-02-25,-.2,-5.8,248,5.7,1606,
108,서울,2016-02-26,2.2,-3.2,634,7.5,1502,0
108,서울,2016-02-27,3.3,.5,732,8.1,1424,.2
108,서울,2016-02-28,.7,-2.6,2355,6.9,1133,4.1
108,서울,2016-02-29,-3.8,-5.9,2359,-1.1,1605,0
108,서울,2016-03-01,-2.7,-7.5,735,2.1,1535,
108,서울,2016-03-02,3.1,-2.2,33,8.1,1508,
108,서울,2016-03-03,8.1,4.4,1,13.9,1551,
108,서울,2016-03-04,13.2,6.4,558,20.3,1525,.1
108,서울,2016-03-05,11.3,9.1,2355,13.5,1,40
108,서울,2016-03-06,7.9,4.3,718,12.9,1510,.2
108,서울,2016-03-07,8.1,4.8,125,12.2,1638,0
108,서울,2016-03-08,2.7,-1.4,2351,7,1,
108,서울,2016-03-09,.3,-2.7,649,5.3,1514,
108,서울,2016-03-10,-1.1,-4.3,711,3.1,1501,
108,서울,2016-03-11,-.5,-5.5,631,4.6,1515,
108,서울,2016-03-12,2,-3.3,607,6.4,1402,
108,서울,2016-03-13,3.7,1.9,523,6.5,1625,.1
108,서울,2016-03-14,4.7,1.3,655,9.6,1557,
108,서울,2016-03-15,5.2,-1,653,12.4,1457,
108,서울,2016-03-16,7.5,2.7,657,13.8,1350,
108,서울,2016-03-17,9.3,2,700,14.7,1252,
108,서울,2016-03-18,13.4,8.8,103,20.1,1504,
108,서울,2016-03-19,11.4,6.6,644,18.1,1539,
108,서울,2016-03-20,10.6,4.9,700,17.5,1500,
108,서울,2016-03-21,9.9,5.5,712,16.1,1343,
108,서울,2016-03-22,8,3.5,640,13.8,1406,
108,서울,2016-03-23,8.2,3.8,712,13.8,1248,
108,서울,2016-03-24,7.2,1.6,624,12.7,1512,
108,서울,2016-03-25,7.1,2.1,655,12.6,1538,
108,서울,2016-03-26,6.5,2.1,709,12.6,1338,
108,서울,2016-03-27,7.2,2.2,641,13.1,1257,
108,서울,2016-03-28,9.8,2.3,624,17.4,1534,
108,서울,2016-03-29,11.3,7.6,551,17.1,1317,.1
108,서울,2016-03-30,11.5,7,451,18.3,1453,
108,서울,2016-03-31,13.5,6,548,21.4,1547,
108,서울,2016-04-01,15.3,7.3,625,23.8,1333,
108,서울,2016-04-02,15,9.6,642,21.7,1503,
108,서울,2016-04-03,10.7,8.2,2355,12.7,1437,2
108,서울,2016-04-04,12.3,5.1,625,19.8,1431,
108,서울,2016-04-05,11.4,5.9,650,18.1,1346,
108,서울,2016-04-06,14.4,6.6,418,22.9,1621,3
108,서울,2016-04-07,14.1,10.5,300,20.6,1412,7.5
108,서울,2016-04-08,11.1,7.8,2349,18.7,1323,
108,서울,2016-04-09,10.7,7.4,136,14.1,1528,
108,서울,2016-04-10,13.4,9.3,2359,20.7,1345,
108,서울,2016-04-11,12.5,5.7,553,19.4,1614,
108,서울,2016-04-12,14.1,10.3,629,19.4,1348,
108,서울,2016-04-13,15.6,11.4,726,21.4,1453,1
108,서울,2016-04-14,12.4,9.3,858,18.6,1527,
108,서울,2016-04-15,15,8.1,406,23.1,1513,
108,서울,2016-04-16,14.9,9.8,538,20.7,1226,23.5
108,서울,2016-04-17,10.8,8.3,2358,14.5,1428,20.5
108,서울,2016-04-18,11.2,7.1,608,18.6,1413,1.5
108,서울,2016-04-19,12,6.5,614,19.2,1623,
108,서울,2016-04-20,14.3,10.1,254,20.9,1342,.5
108,서울,2016-04-21,13.5,10.3,539,16.9,1644,17
108,서울,2016-04-22,13.5,10.1,2332,18.6,1209,0
108,서울,2016-04-23,13.5,7.8,606,19.8,1457,
108,서울,2016-04-24,15.5,8.1,602,23.7,1603,
108,서울,2016-04-25,17.2,10.2,533,25.3,1443,
108,서울,2016-04-26,21.1,12.1,542,29.6,1627,
108,서울,2016-04-27,17.2,14.5,2357,20.7,1407,
108,서울,2016-04-28,17.2,12.4,551,23,1512,
108,서울,2016-04-29,16.2,10.9,605,22.6,1353,.3
108,서울,2016-04-30,15.9,10.8,424,20.4,1450,
108,서울,2016-05-01,18.8,12.2,520,26,1429,
108,서울,2016-05-02,21.1,16.5,551,28.4,1346,16.5
108,서울,2016-05-03,12.9,8.9,2119,17.6,1,27
108,서울,2016-05-04,15.7,10.2,1,20.6,1546,
108,서울,2016-05-05,18.9,10.2,607,26.9,1536,7.5
108,서울,2016-05-06,16.3,13,2331,18.6,651,9.5
108,서울,2016-05-07,16.5,10.7,603,22.6,1540,
108,서울,2016-05-08,19.4,11.6,544,26.8,1554,
108,서울,2016-05-09,20.2,16.3,556,25.4,1215,0
108,서울,2016-05-10,14.5,12.5,2400,18.1,1,13.5
108,서울,2016-05-11,16.4,10.4,522,23.5,1537,
108,서울,2016-05-12,17.8,12.1,449,24,1454,
108,서울,2016-05-13,18.6,12.7,312,25.4,1652,.5
108,서울,2016-05-14,20.2,15.1,528,26.9,1537,
108,서울,2016-05-15,17.4,12.3,2350,24.2,1238,45
108,서울,2016-05-16,15.9,10.8,240,21.9,1528,2.5
108,서울,2016-05-17,19.3,10.9,532,26.6,1653,
108,서울,2016-05-18,22.3,13.5,557,29.5,1441,
108,서울,2016-05-19,24.3,16.3,605,31.9,1559,
108,서울,2016-05-20,24,16.8,527,31.6,1552,
108,서울,2016-05-21,24.1,17.8,531,30.4,1410,
108,서울,2016-05-22,24.7,17.6,603,31.7,1629,
108,서울,2016-05-23,23.3,18.3,620,29.4,1410,
108,서울,2016-05-24,16.8,15.4,2345,21.8,5,38.5
108,서울,2016-05-25,19.7,15.3,27,24.4,1420,
108,서울,2016-05-26,19.4,17.5,2357,22.9,1207,0
108,서울,2016-05-27,20.9,14.8,550,27.1,1455,
108,서울,2016-05-28,21.7,17.2,605,28,1502,
108,서울,2016-05-29,21.5,17.2,155,27.6,1543,
108,서울,2016-05-30,22.1,16.9,553,28.9,1450,
108,서울,2016-05-31,21.6,17.4,537,27.6,1433,
108,서울,2016-06-01,23.3,17.1,400,29.9,1558,
108,서울,2016-06-02,23.2,17.2,535,29.1,1345,
108,서울,2016-06-03,22.2,17.6,517,27.7,1431,
108,서울,2016-06-04,21.2,18.2,426,26.3,1530,
108,서울,2016-06-05,24.7,17.3,528,32.2,1551,
108,서울,2016-06-06,23.3,20.8,558,28.4,1330,0
108,서울,2016-06-07,21.7,19.6,343,25.9,1659,.1
108,서울,2016-06-08,22.1,18.2,528,27.7,1431,
108,서울,2016-06-09,24.1,17.8,538,31.3,1501,
108,서울,2016-06-10,24.6,20.2,551,31.3,1359,
108,서울,2016-06-11,23.5,20.9,336,26.5,1453,3
108,서울,2016-06-12,23.5,19.9,2358,26.7,1449,1.5
108,서울,2016-06-13,23.5,19.4,446,29.6,1517,
108,서울,2016-06-14,23.8,19.7,506,29.5,1454,0
108,서울,2016-06-15,20.9,17.4,743,24.5,1223,15.5
108,서울,2016-06-16,20.9,18.6,603,24.9,1530,0
108,서울,2016-06-17,23.8,18.6,246,29.1,1527,
108,서울,2016-06-18,24.5,20.1,522,29.9,1524,
108,서울,2016-06-19,24.1,20.3,451,29.3,1532,0
108,서울,2016-06-20,24.7,19.6,512,30.7,1625,
108,서울,2016-06-21,26,21,522,31.3,1313,
108,서울,2016-06-22,24.3,20.9,2341,30.2,1313,30.5
108,서울,2016-06-23,24.7,19.6,434,29.4,1423,.1
108,서울,2016-06-24,23.1,21.1,2354,25.7,1536,3.5
108,서울,2016-06-25,22.8,19.2,459,26.7,1705,
108,서울,2016-06-26,24.4,19.4,532,30.3,1443,
108,서울,2016-06-27,24.4,19.9,458,29.5,1507,
108,서울,2016-06-28,24.7,20.4,531,29.7,1405,
108,서울,2016-06-29,25.3,20.9,535,30.2,1420,
108,서울,2016-06-30,24.6,23,455,26.9,1238,.2
108,서울,2016-07-01,24,22,2305,26.6,1159,108.5
108,서울,2016-07-02,23.5,20.6,630,27.7,1645,4
108,서울,2016-07-03,23.5,21.1,449,26.8,1711,
108,서울,2016-07-04,21.8,20.2,2331,24.1,848,29.5
108,서울,2016-07-05,23.1,20.2,1,24.8,1556,100.5
108,서울,2016-07-06,22.9,20.3,434,26.9,1727,0
108,서울,2016-07-07,24,20.1,245,28.5,1534,0
108,서울,2016-07-08,27.3,21.2,546,32.4,1621,
108,서울,2016-07-09,27.7,23.2,548,32.7,1518,
108,서울,2016-07-10,27.9,23.2,558,33.1,1425,
108,서울,2016-07-11,28.4,24.8,619,33.4,1450,0
108,서울,2016-07-12,26.3,22.1,638,30.9,1325,3
108,서울,2016-07-13,26.3,23.2,510,29.5,1518,0
108,서울,2016-07-14,27.5,24,539,32.4,1535,.1
108,서울,2016-07-15,26.2,23.7,543,29.2,1056,1.5
108,서울,2016-07-16,20.8,19.8,605,23.8,1,46.5
108,서울,2016-07-17,21.7,20.4,451,23.1,1309,2.5
108,서울,2016-07-18,24.4,20.7,417,28.4,1734,.2
108,서울,2016-07-19,27.1,20.9,523,32.4,1456,
108,서울,2016-07-20,28.6,24,551,32.9,1511,
108,서울,2016-07-21,28.3,24.9,553,32.2,1559,
108,서울,2016-07-22,29.1,25.3,603,34.1,1620,
108,서울,2016-07-23,28.7,27.2,450,31.6,1301,.5
108,서울,2016-07-24,28,27,325,30.1,1626,.5
108,서울,2016-07-25,28.4,26.4,445,31.4,1534,
108,서울,2016-07-26,28.4,25.6,452,31.9,1435,
108,서울,2016-07-27,27.6,26.7,326,28.9,1231,.5
108,서울,2016-07-28,28,26.7,2106,30.5,1528,.2
108,서울,2016-07-29,26.3,23.4,729,28.4,1638,59.5
108,서울,2016-07-30,28.6,26.4,458,33,1536,.5
108,서울,2016-07-31,28.9,26.6,614,32.8,1506,.2
108,서울,2016-08-01,28.4,25.8,458,32.4,1351,
108,서울,2016-08-02,27.2,25,2115,31.1,1511,2
108,서울,2016-08-03,29.1,24,542,34.2,1615,
108,서울,2016-08-04,30.7,26,600,35.7,1633,
108,서울,2016-08-05,31.2,26.5,547,36,1643,
108,서울,2016-08-06,30.5,26.6,607,34,1532,
108,서울,2016-08-07,30.6,27,604,35,1503,
108,서울,2016-08-08,30.5,26.4,546,35.5,1528,
108,서울,2016-08-09,29.3,26.4,610,33.6,1309,1
108,서울,2016-08-10,29.4,26.1,534,34.8,1517,
108,서울,2016-08-11,30.5,26.1,608,36.4,1508,
108,서울,2016-08-12,30.4,26.4,531,35.9,1505,
108,서울,2016-08-13,30.2,26.8,556,35.1,1443,
108,서울,2016-08-14,28.9,27.3,2359,31.8,1210,.2
108,서울,2016-08-15,29.1,25.8,610,34,1534,0
108,서울,2016-08-16,29.3,26.2,611,34.9,1431,.5
108,서울,2016-08-17,29.9,25.1,603,34.7,1455,
108,서울,2016-08-18,29.9,26.2,605,34.3,1228,
108,서울,2016-08-19,28.9,26.6,1749,33.2,1503,11.5
108,서울,2016-08-20,30.1,26.5,539,34.9,1540,
108,서울,2016-08-21,30.7,26.9,619,36.6,1544,0
108,서울,2016-08-22,30.7,25.8,609,36.3,1632,.4
108,서울,2016-08-23,28.3,26,604,33,1242,8
108,서울,2016-08-24,29.1,26.4,550,32.9,1626,0
108,서울,2016-08-25,27.1,24,2241,32.2,1327,4.5
108,서울,2016-08-26,23,19.5,716,28.2,1640,20
108,서울,2016-08-27,23.4,16.9,629,29.7,1557,0
108,서울,2016-08-28,21,18.3,2324,24.5,1025,1.5
108,서울,2016-08-29,22.2,17.4,535,27.1,1318,
108,서울,2016-08-30,20.6,17.9,629,24.5,1304,0
108,서울,2016-08-31,17.7,16.1,536,19.2,1958,17.5
108,서울,2016-09-01,23.2,15.8,556,28.6,1420,
108,서울,2016-09-02,24.2,20.6,554,29,1535,4.5
108,서울,2016-09-03,23.9,20.4,244,28.6,1646,.5
108,서울,2016-09-04,25.6,22.1,239,29.6,1402,
108,서울,2016-09-05,26.4,23,615,31.1,1606,
108,서울,2016-09-06,24.7,21,635,29,1357,
108,서울,2016-09-07,24.3,20.9,610,28.6,1457,
108,서울,2016-09-08,23,21.5,635,26.5,1113,4.5
108,서울,2016-09-09,23.9,19.7,518,29.3,1430,
108,서울,2016-09-10,24.4,20,458,29.1,1541,
108,서울,2016-09-11,24.5,22.1,530,28.2,1308,
108,서울,2016-09-12,23.4,21.4,2341,27.5,1339,2.5
108,서울,2016-09-13,24.6,19.6,615,30.8,1352,
108,서울,2016-09-14,24.6,21.4,2348,28.9,1459,
108,서울,2016-09-15,23.9,18.8,544,29.5,1412,
108,서울,2016-09-16,24.6,20.4,642,29.5,1233,
108,서울,2016-09-17,23.1,18.5,823,28.2,1445,7
108,서울,2016-09-18,23.5,20.2,545,28.3,1549,
108,서울,2016-09-19,21.9,18.2,607,27.8,1510,
108,서울,2016-09-20,20.6,15.4,623,26.8,1514,
108,서울,2016-09-21,20.2,14.3,628,25.3,1349,
108,서울,2016-09-22,21.9,17.5,630,27.2,1648,
108,서울,2016-09-23,21.4,16.4,623,27.9,1413,
108,서울,2016-09-24,22.3,16.5,637,28.9,1538,
108,서울,2016-09-25,23,18.6,651,29.7,1535,
108,서울,2016-09-26,23.6,19.7,609,28.9,1445,
108,서울,2016-09-27,21,19.1,2352,23.8,1031,13.5
108,서울,2016-09-28,19.9,18.7,450,21.8,1552,.5
108,서울,2016-09-29,20.4,18.2,435,24.8,1333,
108,서울,2016-09-30,20.5,17.7,536,23.5,1406,
108,서울,2016-10-01,21.1,17.5,617,25.6,1602,
108,서울,2016-10-02,19,16.7,1759,22.4,2349,18.5
108,서울,2016-10-03,22.7,19.6,2358,27.9,1538,6.5
108,서울,2016-10-04,22,15.6,656,29,1501,
108,서울,2016-10-05,21.1,17.5,2357,27.2,1429,
108,서울,2016-10-06,18,13.6,659,23.5,1517,
108,서울,2016-10-07,19.7,16.5,1,24.8,1411,2
108,서울,2016-10-08,16.8,10.3,2357,21.8,1410,6
108,서울,2016-10-09,11.3,6.5,635,16.6,1445,
108,서울,2016-10-10,14,7.4,626,21.4,1525,
108,서울,2016-10-11,15.4,10,554,21.1,1500,
108,서울,2016-10-12,15.5,11.4,723,20.7,1531,
108,서울,2016-10-13,15.2,9.3,656,21.9,1503,
108,서울,2016-10-14,16.7,10.5,615,23.5,1351,
108,서울,2016-10-15,19.1,12.4,640,27.1,1504,
108,서울,2016-10-16,17.2,15.4,2349,19.5,1302,1.5
108,서울,2016-10-17,17.5,14.5,138,21.7,1311,
108,서울,2016-10-18,17,11.2,701,24,1439,
108,서울,2016-10-19,18,14,716,24.3,1339,
108,서울,2016-10-20,18.6,12.9,704,25.8,1500,
108,서울,2016-10-21,17.9,15.7,614,22,1335,
108,서울,2016-10-22,18.3,14.5,733,22.8,1503,
108,서울,2016-10-23,13.3,10.6,1730,17.8,1,2.5
108,서울,2016-10-24,15.1,9,647,20.6,1533,
108,서울,2016-10-25,14.1,12.5,636,17.5,1655,37
108,서울,2016-10-26,13.3,10.5,537,16.3,1244,0
108,서울,2016-10-27,14.6,8.6,536,20.9,1420,
108,서울,2016-10-28,14.6,10.2,2357,18.4,1223,.3
108,서울,2016-10-29,7.8,3.5,2355,11.2,1349,
108,서울,2016-10-30,7.9,1.6,723,15.1,1438,
108,서울,2016-10-31,5.7,.7,2359,8.2,1435,.5
108,서울,2016-11-01,1.5,-2.4,750,6.6,1449,
108,서울,2016-11-02,4.1,-2.7,556,10.5,1323,.1
108,서울,2016-11-03,9.1,4.2,458,14.1,1433,.2
108,서울,2016-11-04,12.3,8.2,701,15.7,1240,0
108,서울,2016-11-05,15,12.2,315,18.1,1450,0
108,서울,2016-11-06,14,11.9,724,18.3,1400,
108,서울,2016-11-07,12.8,8.5,2359,17.8,1229,5.5
108,서울,2016-11-08,4.1,.4,2354,8.4,1,.5
108,서울,2016-11-09,2.1,-3.2,714,8.6,1454,
108,서울,2016-11-10,6,1.5,245,9.8,1457,.4
108,서울,2016-11-11,9.1,6.2,705,14.2,1457,4
108,서울,2016-11-12,11.4,5.1,707,16.7,1321,
108,서울,2016-11-13,14.4,12.1,716,18.1,1421,.5
108,서울,2016-11-14,13.2,10.2,2359,15.8,1102,1.5
108,서울,2016-11-15,5.2,2.5,2348,10.2,1,
108,서울,2016-11-16,5.2,0,722,12,1446,
108,서울,2016-11-17,9.1,4,259,16.5,1458,
108,서울,2016-11-18,10.3,4.9,624,14.6,1440,0
108,서울,2016-11-19,13,9.9,652,18.6,1342,0
108,서울,2016-11-20,9.8,6.4,741,15.3,1549,
108,서울,2016-11-21,9.5,5.1,324,14.6,1430,
108,서울,2016-11-22,2,-2.1,2342,8.4,1,.2
108,서울,2016-11-23,-1.8,-4.8,751,3.6,1412,
108,서울,2016-11-24,-2.5,-6.2,628,2.4,1535,
108,서울,2016-11-25,1,-3.5,1,6,1453,
108,서울,2016-11-26,.9,-.7,323,2.7,1153,2.8
108,서울,2016-11-27,3.3,.5,744,6.6,1525,0
108,서울,2016-11-28,1.4,-1.4,726,5.6,1522,
108,서울,2016-11-29,1.7,-2.8,509,8.6,1528,
108,서울,2016-11-30,6,.7,3,9.8,1434,1
108,서울,2016-12-01,4.1,-1,2358,7,26,
108,서울,2016-12-02,1.6,-3.5,719,7.9,1533,
108,서울,2016-12-03,4.5,-.7,455,11.3,1423,
108,서울,2016-12-04,5.5,2,721,9.5,1416,
108,서울,2016-12-05,5.9,.5,2357,10.3,1408,1.5
108,서울,2016-12-06,-1.1,-4.2,733,4.3,1433,
108,서울,2016-12-07,1.7,-2.7,119,7.5,1329,0
108,서울,2016-12-08,2.1,-3,742,6.1,1447,3
108,서울,2016-12-09,1.4,-2.9,2300,4.2,1416,3
108,서울,2016-12-10,-1.6,-5.9,723,3.6,1423,
108,서울,2016-12-11,-1.1,-6.1,742,6.4,1536,
108,서울,2016-12-12,2.3,-3,21,6.3,1449,
108,서울,2016-12-13,3.4,-.4,2357,8.8,1301,
108,서울,2016-12-14,-1.4,-2.3,2359,-.1,1619,.1
108,서울,2016-12-15,-5,-7.6,754,-1.5,1459,
108,서울,2016-12-16,-4.7,-9.8,752,0,1429,
108,서울,2016-12-17,2.7,-2.7,339,8,1514,0
108,서울,2016-12-18,4.9,2.7,406,8.1,1452,
108,서울,2016-12-19,7.2,4.3,100,12,1501,.1
108,서울,2016-12-20,7.6,4.4,826,13.6,1443,
108,서울,2016-12-21,7.9,4.1,350,12.6,1323,29
108,서울,2016-12-22,5.5,1.5,2347,11,530,23.5
108,서울,2016-12-23,-2.5,-4.4,2254,1.5,1,.1
108,서울,2016-12-24,-2.4,-4.3,1,1.1,1422,
108,서울,2016-12-25,1,-4.5,800,6.4,1352,
108,서울,2016-12-26,2.5,1.3,2349,4.4,1353,0
108,서울,2016-12-27,-2.3,-6.3,2357,1.3,1,.5
108,서울,2016-12-28,-3.7,-8.4,614,2.6,1435,
108,서울,2016-12-29,-4.2,-7.2,2356,-1.1,1531,.3
108,서울,2016-12-30,-3.9,-9.1,556,1,1439,
108,서울,2016-12-31,.7,-3.6,454,5.7,1535,0
108,서울,2017-01-01,2.7,-1.6,540,6.9,1419,
108,서울,2017-01-02,5,1.8,2355,9.2,1355,.3
108,서울,2017-01-03,2,-2.3,731,7.7,1444,
108,서울,2017-01-04,3.9,1,1,8.9,1519,
108,서울,2017-01-05,3.8,-.1,316,7.3,1444,
108,서울,2017-01-06,5.4,2.5,804,11.4,1548,
108,서울,2017-01-07,4.6,0,815,10.5,1327,
108,서울,2017-01-08,6.5,4,458,10.9,1350,0
108,서울,2017-01-09,1.5,-3.1,2357,4.3,1454,0
108,서울,2017-01-10,-3.7,-7.4,2349,1.1,1309,
108,서울,2017-01-11,-3.8,-9.4,745,1.5,1405,
108,서울,2017-01-12,-2.2,-6.1,2353,1,1355,0
108,서울,2017-01-13,-6,-8.6,2250,-1.4,1500,.6
108,서울,2017-01-14,-8.4,-10.5,759,-5.4,1437,
108,서울,2017-01-15,-6.6,-11.5,748,-.9,1548,
108,서울,2017-01-16,-3.8,-8.9,719,4,1442,
108,서울,2017-01-17,-2,-7.1,736,3.4,1519,
108,서울,2017-01-18,-.5,-3,757,2.8,1511,0
108,서울,2017-01-19,-1.2,-4.9,741,4.7,1505,
108,서울,2017-01-20,-4.4,-7.8,2357,-1.4,1,4
108,서울,2017-01-21,-5.2,-10,641,-.9,1248,2.1
108,서울,2017-01-22,-8.3,-10.9,2331,-3.3,1,0
108,서울,2017-01-23,-8.9,-12.6,548,-4.1,1552,
108,서울,2017-01-24,-7,-11.6,419,-1.3,1530,
108,서울,2017-01-25,-5.2,-10.2,650,.9,1509,
108,서울,2017-01-26,-1.3,-7.9,624,3.4,1419,.3
108,서울,2017-01-27,-2.6,-5.7,2348,3.1,1,3
108,서울,2017-01-28,-1.6,-8.2,649,4.3,1354,
108,서울,2017-01-29,.8,-.9,2346,2.5,1029,4.5
108,서울,2017-01-30,-4.8,-7.9,2354,-.9,1,.1
108,서울,2017-01-31,-5.4,-9.9,422,.2,1510,
108,서울,2017-02-01,-4,-7.5,2357,.7,1422,
108,서울,2017-02-02,-2.7,-9.2,659,3.3,1511,
108,서울,2017-02-03,1.5,-2.3,721,6.7,1445,
108,서울,2017-02-04,.9,-2.9,646,3.2,1422,
108,서울,2017-02-05,1.2,-1.5,2352,2.3,1,.5
108,서울,2017-02-06,-1.7,-4.4,744,2.6,1644,
108,서울,2017-02-07,-2,-5.6,631,3,1512,
108,서울,2017-02-08,-2.2,-4.9,622,.6,1351,
108,서울,2017-02-09,-5.3,-7.1,2353,-2.1,1332,
108,서울,2017-02-10,-6.6,-9.3,709,-2.5,1520,
108,서울,2017-02-11,-4.8,-9.2,451,.8,1514,
108,서울,2017-02-12,-2.2,-7.4,706,4.2,1437,
108,서울,2017-02-13,.1,-5.4,709,6.1,1440,
108,서울,2017-02-14,.3,-4,759,6.5,1506,
108,서울,2017-02-15,1.8,-3.9,733,8,1524,
108,서울,2017-02-16,5.5,-1.9,727,10.3,2001,0
108,서울,2017-02-17,.8,-5.2,2356,9,1,4
108,서울,2017-02-18,-2.6,-7,624,2.9,1524,
108,서울,2017-02-19,2.3,-3.4,647,5.7,1715,1
108,서울,2017-02-20,-1.5,-5.2,2353,5.4,2,.5
108,서울,2017-02-21,-.6,-7.6,712,6.9,1539,
108,서울,2017-02-22,1.7,-.9,2353,2.9,913,5.1
108,서울,2017-02-23,-1.5,-4.2,2348,2.1,1448,
108,서울,2017-02-24,-.8,-5.8,558,4.4,1412,
108,서울,2017-02-25,2.6,-2.8,707,8.4,1522,
108,서울,2017-02-26,3.6,-1.5,712,10.1,1443,
108,서울,2017-02-27,3.7,-1.8,730,10.7,1416,
108,서울,2017-02-28,5.6,-1.3,717,12.3,1504,
108,서울,2017-03-01,5,2,2321,11.4,1300,5
108,서울,2017-03-02,1.8,-1.1,2358,6.6,1646,.5
108,서울,2017-03-03,3.3,-3.1,715,10.4,1445,
108,서울,2017-03-04,5.7,.1,651,12.7,1452,
108,서울,2017-03-05,5.2,1.2,715,10.4,1433,.5
108,서울,2017-03-06,.1,-2.8,649,4,1,
108,서울,2017-03-07,-1.3,-4,707,2.9,1541,0
108,서울,2017-03-08,-.1,-5.3,508,5,1309,0
108,서울,2017-03-09,3.2,-2.7,409,10.7,1534,
108,서울,2017-03-10,4.8,-1.2,648,12.2,1518,
108,서울,2017-03-11,7.3,-.2,713,16.7,1508,
108,서울,2017-03-12,8.2,4.4,659,14,1433,0
108,서울,2017-03-13,6.9,1.5,710,12.2,1518,
108,서울,2017-03-14,5.8,1,701,10.9,1537,
108,서울,2017-03-15,6.3,.4,652,13.3,1502,
108,서울,2017-03-16,6.2,1,701,13.4,1559,
108,서울,2017-03-17,7.7,1.2,709,15.7,1602,
108,서울,2017-03-18,9.5,5.9,530,16.1,1305,
108,서울,2017-03-19,10.9,3.2,642,18.9,1424,
108,서울,2017-03-20,10.2,6,526,15.5,1503,
108,서울,2017-03-21,7.4,4.3,705,12.6,1727,
108,서울,2017-03-22,7.6,1.9,623,14.1,1519,
108,서울,2017-03-23,9.1,5.1,648,15,1420,
108,서울,2017-03-24,8.7,3.9,625,15.2,1520,
108,서울,2017-03-25,8.1,5,2359,12.6,1250,
108,서울,2017-03-26,7.3,4.8,610,11.6,1312,
108,서울,2017-03-27,6.1,4.4,649,10.9,1423,.4
108,서울,2017-03-28,7.1,2.5,447,12.7,1408,
108,서울,2017-03-29,8.8,4.7,452,14.4,1450,
108,서울,2017-03-30,10.6,4.1,638,17.1,1404,
108,서울,2017-03-31,8.6,4.9,2347,12.4,1036,1.5
108,서울,2017-04-01,9,4.8,7,15.1,1450,1
108,서울,2017-04-02,9,3.1,534,15.8,1512,
108,서울,2017-04-03,11.4,4.3,630,19.2,1514,
108,서울,2017-04-04,14.1,6.7,633,21.8,1413,
108,서울,2017-04-05,12,10.8,1635,14.2,1210,37.5
108,서울,2017-04-06,10.4,9.4,835,12.4,1,3
108,서울,2017-04-07,14.5,9,323,23.5,1539,
108,서울,2017-04-08,13,8.6,647,19.9,1546,.5
108,서울,2017-04-09,14.8,10.6,627,20.5,1434,.5
108,서울,2017-04-10,16.5,10.1,636,23.3,1609,
108,서울,2017-04-11,15.3,11.5,2357,20.2,1440,
108,서울,2017-04-12,11.5,8.8,2328,16.4,1433,
108,서울,2017-04-13,12.7,6.3,604,19.6,1539,0
108,서울,2017-04-14,13,10.1,559,17.7,1033,6
108,서울,2017-04-15,16.8,10.9,305,24.3,1436,
108,서울,2017-04-16,18.7,12.9,639,24.4,1417,
108,서울,2017-04-17,14.7,11.2,2356,18,1033,5.5
108,서울,2017-04-18,11.7,9.4,2347,17.4,1109,7.5
108,서울,2017-04-19,12.6,7,457,18.4,1506,
108,서울,2017-04-20,12.9,9.9,606,18.2,1403,.1
108,서울,2017-04-21,13.1,7.6,536,19.3,1326,
108,서울,2017-04-22,14.8,8.5,517,22.5,1509,
108,서울,2017-04-23,14.9,8.9,544,21.7,1521,
108,서울,2017-04-24,15.1,8.3,552,21.3,1308,
108,서울,2017-04-25,16,12.9,637,20.4,1242,
108,서울,2017-04-26,15.1,10.5,643,20.2,1410,
108,서울,2017-04-27,13.6,7.9,547,19.8,1429,
108,서울,2017-04-28,14.4,8.9,605,21.5,1317,
108,서울,2017-04-29,17.1,9.6,545,23.7,1503,
108,서울,2017-04-30,19.3,13.7,530,27.8,1416,
108,서울,2017-05-01,20.1,12.8,552,28.3,1525,
108,서울,2017-05-02,20.7,15.2,538,28,1435,
108,서울,2017-05-03,21.5,14.5,613,30.2,1455,
108,서울,2017-05-04,21,14.8,552,27.5,1416,
108,서울,2017-05-05,20.9,15.5,2400,27,1418,
108,서울,2017-05-06,14.9,10,601,19.3,1247,
108,서울,2017-05-07,16.6,10.9,534,22.8,1528,
108,서울,2017-05-08,17.9,11.1,536,23.5,1336,
108,서울,2017-05-09,17.1,15.3,510,22.6,1356,2.5
108,서울,2017-05-10,16.4,14.2,723,20.8,1645,2.5
108,서울,2017-05-11,19.3,13.1,411,24.8,1652,0
108,서울,2017-05-12,19.1,16.8,2358,21.1,1222,
108,서울,2017-05-13,16.4,12.4,2400,22.6,1155,6
108,서울,2017-05-14,15.7,11,604,20.7,1526,
108,서울,2017-05-15,16,12.3,401,20.1,1348,0
108,서울,2017-05-16,17.1,13.3,430,22.3,1515,
108,서울,2017-05-17,18.6,12.3,538,25.9,1506,
108,서울,2017-05-18,20.4,13.9,446,26.9,1533,
108,서울,2017-05-19,21.1,15.1,541,27.9,1444,
108,서울,2017-05-20,20.9,15.4,522,27.3,1314,
108,서울,2017-05-21,21.5,16,514,27.6,1453,
108,서울,2017-05-22,21.8,15.9,532,28,1432,
108,서울,2017-05-23,20,17.2,413,24.4,1140,5
108,서울,2017-05-24,21.8,16.9,614,27.8,1545,.1
108,서울,2017-05-25,19.2,14.4,2352,24.4,1357,
108,서울,2017-05-26,17.7,12.4,406,23.2,1633,
108,서울,2017-05-27,19.5,13.7,528,26.4,1424,
108,서울,2017-05-28,21.2,14.4,450,27.9,1508,
108,서울,2017-05-29,22.9,18.1,430,29.3,1434,
108,서울,2017-05-30,23.6,18.6,420,30.3,1440,
108,서울,2017-05-31,23.3,17.7,456,29.6,1622,
108,서울,2017-06-01,23.3,20,2357,27,1249,
108,서울,2017-06-02,20.5,15.5,530,25.6,1329,0
108,서울,2017-06-03,20.5,16.1,533,26.5,1614,
108,서울,2017-06-04,21.7,15.1,533,28.1,1541,
108,서울,2017-06-05,24.2,16.4,536,30.3,1655,0
108,서울,2017-06-06,19.4,14.5,2103,23.9,1341,15.5
108,서울,2017-06-07,17.6,15.1,1,19.2,1339,12.5
108,서울,2017-06-08,20.1,15.1,425,25.9,1412,
108,서울,2017-06-09,21.2,17.9,133,25.7,1412,.1
108,서울,2017-06-10,21.5,16.7,646,27.5,1609,4.5
108,서울,2017-06-11,22.8,14.8,553,29.6,1608,
108,서울,2017-06-12,22.1,17,531,28,1554,
108,서울,2017-06-13,21.5,18.3,458,25.9,1533,0
108,서울,2017-06-14,21.8,17.8,458,26.8,1458,
108,서울,2017-06-15,23.1,18,505,29.6,1503,
108,서울,2017-06-16,25.5,20,505,32.7,1448,
108,서울,2017-06-17,24.2,20.6,610,29.9,1551,
108,서울,2017-06-18,24.3,18.6,506,31.8,1442,
108,서울,2017-06-19,24.8,19.5,437,30.2,1526,
108,서울,2017-06-20,26,20,513,32.7,1340,0
108,서울,2017-06-21,25.4,21.7,2351,31.6,1404,0
108,서울,2017-06-22,25.3,21.2,137,30.4,1351,
108,서울,2017-06-23,26.7,21.3,543,34.1,1340,
108,서울,2017-06-24,24.5,21.5,2358,27.8,1139,3.5
108,서울,2017-06-25,23.8,21,443,28.4,1337,1.5
108,서울,2017-06-26,23.1,20.1,901,29.9,1508,29
108,서울,2017-06-27,25.2,20.8,412,30.5,1515,0
108,서울,2017-06-28,26,22.5,440,30.5,1554,
108,서울,2017-06-29,26.2,21.9,532,31.5,1522,
108,서울,2017-06-30,25.9,22.2,451,30.9,1445,
108,서울,2017-07-01,25.3,22.4,558,30.7,1448,.5
108,서울,2017-07-02,24.3,21.9,2358,26.8,1332,92
108,서울,2017-07-03,24.7,21.9,5,27.4,1332,67.5
108,서울,2017-07-04,26.7,23.8,552,31.6,1436,.5
108,서울,2017-07-05,27.4,23.3,415,32.6,1708,
108,서울,2017-07-06,27.6,23.9,532,34.6,1519,34
108,서울,2017-07-07,26.4,24.4,524,28.4,1415,16.5
108,서울,2017-07-08,26,24.6,851,27.6,1432,4.5
108,서울,2017-07-09,26.3,23.8,2359,30.3,1436,32.5
108,서울,2017-07-10,24,22.6,2223,25.4,1000,144.5
108,서울,2017-07-11,26,22.2,436,30.9,1530,1
108,서울,2017-07-12,27.1,24.9,2358,31.1,1609,0
108,서울,2017-07-13,27.6,23.1,531,32.1,1446,
108,서울,2017-07-14,28.7,26.1,556,33,1409,0
108,서울,2017-07-15,25,23.4,523,27.3,1,42.5
108,서울,2017-07-16,26.2,23.4,446,28.8,1439,22.5
108,서울,2017-07-17,26.8,24,2340,29,1146,7.5
108,서울,2017-07-18,26.5,23.9,28,30.7,1644,2.5
108,서울,2017-07-19,28.3,24.5,604,34.1,1522,
108,서울,2017-07-20,29.9,26,437,34.9,1456,
108,서울,2017-07-21,29.8,27.3,534,32.4,1643,
108,서울,2017-07-22,29.3,27.5,831,32.5,1534,.5
108,서울,2017-07-23,27,26.1,1016,28.1,1,133.5
108,서울,2017-07-24,26.2,25.6,430,27.3,1052,3
108,서울,2017-07-25,29.4,24.6,538,35.4,1604,
108,서울,2017-07-26,28.7,24.2,539,32.8,1557,
108,서울,2017-07-27,27.1,24.9,620,29.7,1501,3.5
108,서울,2017-07-28,25.5,24.8,456,26.9,1734,8.5
108,서울,2017-07-29,27.2,25,107,30.1,1616,0
108,서울,2017-07-30,27.9,24.7,449,32.6,1541,
108,서울,2017-07-31,25.7,24.8,2359,27.1,1,3.5
108,서울,2017-08-01,28.6,24.1,617,33,1428,2
108,서울,2017-08-02,30,26.6,531,33,1619,
108,서울,2017-08-03,30.2,27.2,610,33.9,1518,
108,서울,2017-08-04,30.3,25.9,600,35.3,1639,
108,서울,2017-08-05,31.4,27.6,555,34.8,1622,0
108,서울,2017-08-06,29.8,28.2,1051,34,1639,5
108,서울,2017-08-07,29.2,26.4,444,34.4,1523,
108,서울,2017-08-08,28.2,25.5,620,31,1753,
108,서울,2017-08-09,27.6,24.6,2359,32,1545,2.5
108,서울,2017-08-10,24.8,23.9,510,26.3,1517,5.5
108,서울,2017-08-11,27,23.9,248,32.4,1608,.5
108,서울,2017-08-12,27.8,23.2,545,32.6,1346,
108,서울,2017-08-13,26.3,24.2,733,28.4,1400,0
108,서울,2017-08-14,24.6,23.1,1945,27.1,1212,1.5
108,서울,2017-08-15,21.9,20.8,2236,24,12,93.5
108,서울,2017-08-16,23.3,20.5,455,26.8,1426,2
108,서울,2017-08-17,24.8,21.2,341,27.7,1449,.5
108,서울,2017-08-18,26.3,23.9,535,30.6,1620,0
108,서울,2017-08-19,26.1,23.1,609,28.7,1359,0
108,서울,2017-08-20,23.2,22,726,25.8,1,124.5
108,서울,2017-08-21,25.8,23.7,1,29.2,1627,5
108,서울,2017-08-22,27.3,23.4,610,31.5,1634,
108,서울,2017-08-23,27.2,24.6,617,30.2,1459,31.5
108,서울,2017-08-24,26.5,23.9,2400,28.1,1206,14
108,서울,2017-08-25,25.3,22.2,604,30.6,1616,
108,서울,2017-08-26,24.2,19,547,29.2,1548,
108,서울,2017-08-27,22.7,19,520,26.7,1509,0
108,서울,2017-08-28,21.5,18.3,2352,26.5,1143,9
108,서울,2017-08-29,19.5,17,2341,24,1607,
108,서울,2017-08-30,19.8,16.1,554,23.9,1715,
108,서울,2017-08-31,22.2,16.6,601,27.6,1519,
108,서울,2017-09-01,23.3,17.1,626,29.7,1608,
108,서울,2017-09-02,23.8,18.6,606,29.6,1432,
108,서울,2017-09-03,23.7,19,603,29.2,1613,
108,서울,2017-09-04,24.6,19.7,527,30.1,1433,
108,서울,2017-09-05,21.9,20.4,530,23.7,1329,0
108,서울,2017-09-06,20.6,18.5,2338,24,1135,2
108,서울,2017-09-07,22.4,17.8,354,27.5,1509,
108,서울,2017-09-08,24.3,20.4,507,29.9,1541,
108,서울,2017-09-09,23.8,19.2,622,28.2,1447,
108,서울,2017-09-10,23,19.9,546,26.1,1441,.5
108,서울,2017-09-11,21.2,18.6,654,24.6,1647,24
108,서울,2017-09-12,22.1,17.7,608,27.9,1449,
108,서울,2017-09-13,21.4,15.9,629,27.5,1526,
108,서울,2017-09-14,22.4,14.8,642,29.5,1413,
108,서울,2017-09-15,22.6,17.8,613,27.9,1534,
108,서울,2017-09-16,22,16.7,623,27.6,1449,
108,서울,2017-09-17,23.1,19,457,29.2,1458,
108,서울,2017-09-18,21.9,16.4,637,27.6,1424,
108,서울,2017-09-19,22.6,20.1,224,25.8,1442,8
108,서울,2017-09-20,19.5,14.1,630,24.9,1501,
108,서울,2017-09-21,20.3,14.2,618,27,1527,
108,서울,2017-09-22,20.6,15.4,533,26.8,1336,
108,서울,2017-09-23,21.8,17.6,227,27.3,1423,0
108,서울,2017-09-24,22.4,18.8,244,27.9,1403,0
108,서울,2017-09-25,23.4,17.4,625,30.1,1422,
108,서울,2017-09-26,25.1,19.4,627,31.4,1447,0
108,서울,2017-09-27,22.7,19.9,2355,27.3,1505,.5
108,서울,2017-09-28,19.2,14.2,2349,25.3,1331,
108,서울,2017-09-29,17.4,11.2,625,23.5,1334,
108,서울,2017-09-30,20,14.7,637,25.9,1445,
108,서울,2017-10-01,18.2,15.5,2256,21.2,1203,4
108,서울,2017-10-02,22,15.6,1,29.4,1510,1.5
108,서울,2017-10-03,17.6,13.4,656,23.6,1411,
108,서울,2017-10-04,16.7,10.7,607,24.3,1402,
108,서울,2017-10-05,18.7,13.9,531,23.4,1307,
108,서울,2017-10-06,18.9,16.2,435,23.3,1103,.5
108,서울,2017-10-07,21.9,16.9,618,28.8,1528,0
108,서울,2017-10-08,23,19.3,648,28.7,1328,
108,서울,2017-10-09,22.5,19.8,2344,27.6,1533,0
108,서울,2017-10-10,21.4,18.6,415,24.8,1347,.4
108,서울,2017-10-11,15.5,12.2,2347,21.7,1,20
108,서울,2017-10-12,11.4,8.8,2351,,,
108,서울,2017-10-13,12.8,6.1,629,18.9,1420,
108,서울,2017-10-14,14.4,9,649,20.5,1320,
108,서울,2017-10-15,15.8,9,625,23,1448,
108,서울,2017-10-16,16.6,13.6,2351,22,1439,
108,서울,2017-10-17,16.2,9.2,634,23.9,1445,
108,서울,2017-10-18,16.5,14.2,1,19.1,1147,.1
108,서울,2017-10-19,17,11.9,708,23.2,1328,
108,서울,2017-10-20,17,11.1,645,24.2,1508,
108,서울,2017-10-21,17.6,11,714,25.2,1418,
108,서울,2017-10-22,16.3,11,644,23.5,1218,
108,서울,2017-10-23,13.7,8.6,645,20.6,1424,
108,서울,2017-10-24,14.4,9.9,338,20.9,1313,
108,서울,2017-10-25,14.4,9.5,651,20.6,1455,
108,서울,2017-10-26,14.5,10.7,444,18.1,1355,
108,서울,2017-10-27,16.9,11.9,728,24.2,1454,
108,서울,2017-10-28,17.2,10.6,642,24.8,1354,
108,서울,2017-10-29,11.5,6.3,2350,17.2,1224,
108,서울,2017-10-30,7.7,2.5,731,13.2,1534,
108,서울,2017-10-31,10.4,3.6,634,16,1524,
108,서울,2017-11-01,14.4,11.5,21,18.1,1451,
108,서울,2017-11-02,15.5,14,121,18,1215,1
108,서울,2017-11-03,12.3,6.1,2359,16.6,1358,1.5
108,서울,2017-11-04,7.8,4.5,735,13.7,1342,
108,서울,2017-11-05,8.4,2.6,719,15.4,1516,
108,서울,2017-11-06,11.4,8,1,16.5,1357,
108,서울,2017-11-07,14.4,9.2,26,18.4,1438,0
108,서울,2017-11-08,13.1,6.9,2340,17.2,1303,0
108,서울,2017-11-09,9.4,3.7,743,16.8,1449,
108,서울,2017-11-10,9.8,5.3,2349,15.9,1156,7.5
108,서울,2017-11-11,5.9,2.7,802,10.7,1513,
108,서울,2017-11-12,5.3,.3,719,11.4,1536,
108,서울,2017-11-13,8.4,3.1,229,11.8,1906,4.5
108,서울,2017-11-14,7.5,2.9,2352,11.4,1233,
108,서울,2017-11-15,3.2,-1.1,2357,6.5,1149,
108,서울,2017-11-16,1,-3.4,726,6.4,1441,
108,서울,2017-11-17,3,-1.6,321,5.8,1508,0
108,서울,2017-11-18,-2.1,-4.8,2320,2.6,1,
108,서울,2017-11-19,-1.6,-6.6,642,3.5,1505,
108,서울,2017-11-20,-.4,-3.9,737,4.2,1143,0
108,서울,2017-11-21,1.3,-4.2,654,8.1,1515,
108,서울,2017-11-22,4.3,.6,2337,10.8,1358,.5
108,서울,2017-11-23,.9,-2.5,545,4.7,1523,1.2
108,서울,2017-11-24,-.4,-2.5,2253,2.9,1413,0
108,서울,2017-11-25,3,-3.3,316,7.3,2134,24
108,서울,2017-11-26,3.3,-.3,2357,7.6,1418,
108,서울,2017-11-27,2.5,-2.9,736,9.5,1539,
108,서울,2017-11-28,6.4,1.3,708,11.2,1311,.5
108,서울,2017-11-29,3.2,-1.8,2359,8.1,34,0
108,서울,2017-11-30,-2.4,-5.2,2351,2.7,1413,
108,서울,2017-12-01,-2.2,-7.6,735,3.1,1402,0
108,서울,2017-12-02,1.9,-4.6,629,8.1,1440,
108,서울,2017-12-03,4.9,3.1,620,8.1,1513,4
108,서울,2017-12-04,-1.2,-6.1,2340,4.5,126,.1
108,서울,2017-12-05,-4.2,-8.2,808,-.4,1422,.1
108,서울,2017-12-06,.2,-4.5,723,6,1410,1.2
108,서울,2017-12-07,.7,-3.5,2350,4.6,1355,
108,서울,2017-12-08,-3.8,-7.1,806,-.5,1532,
108,서울,2017-12-09,-.5,-5.6,710,5.4,1522,
108,서울,2017-12-10,1.1,-2.5,2359,6.7,1441,4.1
108,서울,2017-12-11,-7,-11,2330,-2.5,1,
108,서울,2017-12-12,-9.4,-12.3,750,-5.2,1406,
108,서울,2017-12-13,-8.7,-12,602,-4.4,1404,
108,서울,2017-12-14,-6.6,-11.2,416,-1.9,1526,
108,서울,2017-12-15,-3,-7.5,445,.9,1946,0
108,서울,2017-12-16,-5.7,-8.1,2356,-2.6,1,
108,서울,2017-12-17,-6.7,-10.8,825,-2.3,1529,
108,서울,2017-12-18,-1.6,-5.9,1,3.3,1959,3.4
108,서울,2017-12-19,-3.9,-6.5,2359,-1,1,
108,서울,2017-12-20,-3.9,-8.5,356,-.1,1452,.2
108,서울,2017-12-21,-.9,-5.6,735,4.6,1536,
108,서울,2017-12-22,3.4,-1.9,20,6.6,1510,
108,서울,2017-12-23,6.1,5,445,8.7,1404,
108,서울,2017-12-24,2.9,-.6,2400,5.7,5,20
108,서울,2017-12-25,-2.1,-4.9,749,.6,1502,
108,서울,2017-12-26,-3.8,-7.9,2356,-1.1,1157,
108,서울,2017-12-27,-6.9,-10.3,826,-2.6,1517,
108,서울,2017-12-28,-2.1,-6.8,222,.8,1248,0
108,서울,2017-12-29,2.1,-.4,2347,6,1423,0
108,서울,2017-12-30,1.4,-1.2,330,4.5,1415,.7
108,서울,2017-12-31,-.3,-3.2,2356,3.3,1426,1
108,서울,2018-01-01,-1.3,-5.1,739,3.8,1538,
108,서울,2018-01-02,-1.8,-4.3,2348,1.8,1345,
108,서울,2018-01-03,-4.7,-7.1,804,-.4,1550,
108,서울,2018-01-04,-4.7,-8.7,751,-.7,1519,
108,서울,2018-01-05,-3,-5.6,306,1.6,1530,
108,서울,2018-01-06,-2.8,-6.8,628,2.9,1539,
108,서울,2018-01-07,-.8,-5.7,524,2.8,1501,
108,서울,2018-01-08,1.3,-1.2,2352,4,1507,.9
108,서울,2018-01-09,-4.2,-6.1,837,-1.2,1,.5
108,서울,2018-01-10,-7.5,-10.3,2335,-4.8,1412,.3
108,서울,2018-01-11,-11.1,-13.6,2344,-7.4,1358,
108,서울,2018-01-12,-10.2,-15.3,811,-5.4,1543,0
108,서울,2018-01-13,-4.4,-6.6,241,-1.2,1540,.4
108,서울,2018-01-14,.6,-4.4,1,5.4,1601,
108,서울,2018-01-15,4.7,1.8,2359,7.7,1548,.2
108,서울,2018-01-16,3.5,.1,240,6.8,1324,0
108,서울,2018-01-17,4.5,2.4,703,8.7,1217,
108,서울,2018-01-18,2.1,.3,2349,4.5,1446,0
108,서울,2018-01-19,1,-2.5,756,5.5,1501,
108,서울,2018-01-20,2.2,-1,137,6.9,1544,
108,서울,2018-01-21,.4,-3.7,757,5.5,1404,
108,서울,2018-01-22,.2,-5.3,2358,4,1303,3.3
108,서울,2018-01-23,-11.7,-14.6,2352,-5.3,1,
108,서울,2018-01-24,-14.2,-16.3,746,-10.7,1422,
108,서울,2018-01-25,-14,-16.4,720,-9.5,1517,
108,서울,2018-01-26,-14.8,-17.8,733,-10.7,1603,
108,서울,2018-01-27,-9.9,-15.9,738,-3.5,1550,
108,서울,2018-01-28,-6.3,-9.3,2358,-1.2,1408,
108,서울,2018-01-29,-8.5,-11.6,809,-4.7,1510,
108,서울,2018-01-30,-5.3,-11.4,631,-.8,1419,2.9
108,서울,2018-01-31,-2.6,-5.2,2354,0,1610,0
108,서울,2018-02-01,-4,-8.8,644,1.2,1601,
108,서울,2018-02-02,-2.4,-7.6,723,3.8,1440,
108,서울,2018-02-03,-7.3,-10.4,2347,-2.1,17,.5
108,서울,2018-02-04,-9.5,-12.8,753,-5.2,1607,
108,서울,2018-02-05,-9.4,-11.8,404,-5.1,1609,
108,서울,2018-02-06,-10.1,-12.8,745,-5.8,1516,
108,서울,2018-02-07,-8,-13.4,650,-1.6,1547,
108,서울,2018-02-08,-4.4,-9.7,722,2,1548,
108,서울,2018-02-09,.4,-5.3,227,6.1,1549,
108,서울,2018-02-10,-.5,-6.9,2327,3.2,1131,
108,서울,2018-02-11,-6.1,-9.5,722,-2.2,1350,0
108,서울,2018-02-12,-5.8,-9.6,538,-1.8,1422,0
108,서울,2018-02-13,-.8,-7.4,715,4.3,1521,
108,서울,2018-02-14,3.5,-.7,2352,8.7,1459,
108,서울,2018-02-15,-.7,-3.7,850,4,1448,
108,서울,2018-02-16,-1.1,-5.5,741,4.9,1419,
108,서울,2018-02-17,-3,-7.1,734,1.4,1601,
108,서울,2018-02-18,-.4,-4.9,729,5.2,1450,
108,서울,2018-02-19,1.8,-1.9,347,6.8,1526,
108,서울,2018-02-20,.9,-2.4,646,5.5,1445,
108,서울,2018-02-21,-.9,-4.5,814,4.4,1503,
108,서울,2018-02-22,1.3,-3.9,725,5.4,1212,.4
108,서울,2018-02-23,4.2,-.3,730,8.6,1431,3.7
108,서울,2018-02-24,2.4,-1.1,2359,7.2,1446,
108,서울,2018-02-25,1.9,-1.6,213,7.9,1515,
108,서울,2018-02-26,3.1,-3.2,714,10.4,1516,
108,서울,2018-02-27,4.2,.6,450,6.9,1554,
108,서울,2018-02-28,4.6,1.8,2246,7.8,1230,25
108,서울,2018-03-01,-.2,-4.3,2341,3,547,.5
108,서울,2018-03-02,-.7,-6.7,625,5.4,1608,
108,서울,2018-03-03,7.9,-.1,725,16.2,1515,0
108,서울,2018-03-04,9.8,7.6,2359,11.9,1627,11.5
108,서울,2018-03-05,5.5,1.3,2353,11.4,1622,3.5
108,서울,2018-03-06,4.5,-1.1,625,10.9,1546,
108,서울,2018-03-07,6.4,2.2,650,10.7,1614,.5
108,서울,2018-03-08,4.6,2.7,2216,9.7,1558,4
108,서울,2018-03-09,4.5,1.4,720,9.6,1600,
108,서울,2018-03-10,4.6,.7,708,9.7,1406,
108,서울,2018-03-11,6.4,2.7,731,12.2,1537,
108,서울,2018-03-12,8,2.2,248,15.5,1455,
108,서울,2018-03-13,12.4,5.2,224,18.8,1423,
108,서울,2018-03-14,17,13.6,1,22.1,1505,
108,서울,2018-03-15,12.4,8.4,2356,16.6,247,27
108,서울,2018-03-16,7.1,3.6,710,12.2,1520,
108,서울,2018-03-17,6.6,.5,657,14,1543,
108,서울,2018-03-18,8.2,5.4,301,12.5,1542,.5
108,서울,2018-03-19,8,6.2,419,10.4,1117,1
108,서울,2018-03-20,4.7,1.6,2335,9.1,1158,
108,서울,2018-03-21,2.1,1.1,2033,5.3,1120,1
108,서울,2018-03-22,4.9,.6,637,11.6,1410,
108,서울,2018-03-23,6.1,1.8,239,12.5,1407,
108,서울,2018-03-24,7.6,4,640,13.1,1416,
108,서울,2018-03-25,9.6,4.6,555,16.9,1447,
108,서울,2018-03-26,11,5.3,224,18.1,1453,
108,서울,2018-03-27,13.3,7.7,411,20,1549,
108,서울,2018-03-28,14,9.4,612,19,1419,
108,서울,2018-03-29,15.4,11.8,2358,21.1,1451,
108,서울,2018-03-30,14.8,9.8,347,21.9,1457,
108,서울,2018-03-31,14,9.3,608,20.1,1358,
108,서울,2018-04-01,15.6,11.7,45,18.5,1548,
108,서울,2018-04-02,18.4,14.9,548,23.7,1459,
108,서울,2018-04-03,17.8,14.9,2302,21.2,1409,.1
108,서울,2018-04-04,13.4,9.5,2356,18.2,1430,18.5
108,서울,2018-04-05,7.6,6.7,751,9.5,1,10.5
108,서울,2018-04-06,5.8,3,2400,8.6,1022,6.5
108,서울,2018-04-07,4.2,1.4,224,8.6,1341,.2
108,서울,2018-04-08,3.9,.6,638,7.9,1353,3
108,서울,2018-04-09,7.9,.1,555,15.4,1616,
108,서울,2018-04-10,15.1,6.9,511,21.9,1245,5
108,서울,2018-04-11,12.6,8.7,648,17.3,1526,
108,서울,2018-04-12,13.3,6.8,539,19.6,1535,
108,서울,2018-04-13,14.6,8.3,556,19.3,1230,
108,서울,2018-04-14,9,7.5,826,14.8,1,9
108,서울,2018-04-15,9.5,5.6,519,14.2,1424,
108,서울,2018-04-16,11.6,4.9,623,18.8,1543,
108,서울,2018-04-17,12.9,6.8,612,20.1,1424,
108,서울,2018-04-18,12.4,6.2,540,19.3,1441,
108,서울,2018-04-19,14,7.4,608,20.5,1359,
108,서울,2018-04-20,18.4,11,627,26.3,1430,
108,서울,2018-04-21,18.7,12.3,559,25.6,1341,
108,서울,2018-04-22,15.5,10.7,2400,21,1417,15.5
108,서울,2018-04-23,9.3,8.4,858,10.7,1,59
108,서울,2018-04-24,12.1,8.9,2357,16.1,1308,3
108,서울,2018-04-25,14.6,5.7,528,23.3,1552,
108,서울,2018-04-26,14.9,10,527,22.1,1414,
108,서울,2018-04-27,15.7,9.7,521,23.3,1516,
108,서울,2018-04-28,15.4,10.5,554,21.7,1324,
108,서울,2018-04-29,16.2,9.4,606,22.9,1508,
108,서울,2018-04-30,19.2,14.1,149,25,1607,
108,서울,2018-05-01,20.4,17.8,542,23.3,1318,0
108,서울,2018-05-02,15.1,8.7,2355,19.7,1,12
108,서울,2018-05-03,11.2,6.9,444,14.7,1051,1
108,서울,2018-05-04,14.1,8.8,542,20,1455,
108,서울,2018-05-05,18.3,11.6,250,24.6,1433,
108,서울,2018-05-06,16.6,15,628,20.7,1742,22
108,서울,2018-05-07,19.2,14,549,25.5,1700,
108,서울,2018-05-08,17.5,11.6,2357,22.9,1534,
108,서울,2018-05-09,15.7,9.2,527,21.8,1629,
108,서울,2018-05-10,15.4,11.3,532,21.4,1350,
108,서울,2018-05-11,16.1,11.9,257,21.3,1337,
108,서울,2018-05-12,14.2,11.8,825,16.1,1,32
108,서울,2018-05-13,15.8,12.7,2350,20,1514,.5
108,서울,2018-05-14,18.2,11.9,235,24.5,1628,
108,서울,2018-05-15,23.2,15.4,525,29.3,1519,0
108,서울,2018-05-16,22.3,21.8,1244,24.4,1,45
108,서울,2018-05-17,20.9,18.8,434,23.5,1334,83
108,서울,2018-05-18,16.3,12.2,2352,19.3,1,6.5
108,서울,2018-05-19,17.6,10.3,455,24.7,1642,
108,서울,2018-05-20,17,11.5,551,22.6,1709,
108,서울,2018-05-21,17.8,11.3,543,23.7,1449,
108,서울,2018-05-22,18.1,15.4,230,23.2,1209,12.5
108,서울,2018-05-23,17.3,13.6,623,23.3,1513,6.5
108,서울,2018-05-24,18.3,11.2,510,23.7,1413,
108,서울,2018-05-25,19.7,13.8,546,26.2,1347,
108,서울,2018-05-26,21.8,14,538,29.6,1456,
108,서울,2018-05-27,20.3,17.3,558,24.7,1428,
108,서울,2018-05-28,22.3,16.2,600,29.1,1424,
108,서울,2018-05-29,21.4,19.1,2356,25.9,1413,1
108,서울,2018-05-30,20.2,15.8,2354,24.7,1511,0
108,서울,2018-05-31,20.9,14.2,545,27.6,1623,
108,서울,2018-06-01,23.8,17.5,543,30.2,1448,
108,서울,2018-06-02,23.4,17.6,508,30.1,1410,
108,서울,2018-06-03,24,16.9,538,30.8,1458,
108,서울,2018-06-04,22.6,18.9,545,27.5,1301,
108,서울,2018-06-05,23.7,17.7,536,29.2,1503,
108,서울,2018-06-06,23,18.4,538,27.9,1431,
108,서울,2018-06-07,22.2,17.8,455,29.4,1601,
108,서울,2018-06-08,21.9,18.5,308,27,1703,
108,서울,2018-06-09,23.7,18.9,503,30.1,1400,.5
108,서울,2018-06-10,21.3,18.3,348,24.9,1502,.5
108,서울,2018-06-11,20.2,18,2334,23.9,1325,5
108,서울,2018-06-12,21.3,16.6,612,27.1,1532,0
108,서울,2018-06-13,22,18.3,206,27,1347,0
108,서울,2018-06-14,21.6,18.8,814,25.1,1541,29
108,서울,2018-06-15,21.7,17.2,522,27,1532,16.5
108,서울,2018-06-16,22.5,16.3,533,28.7,1630,
108,서울,2018-06-17,22.8,18.9,507,27.5,1435,
108,서울,2018-06-18,24.8,19.9,501,30.8,1543,
108,서울,2018-06-19,22.4,19.1,521,27.2,1342,
108,서울,2018-06-20,22.7,19.1,346,28.4,1520,
108,서울,2018-06-21,23.7,19.4,458,28.7,1645,
108,서울,2018-06-22,25,18.2,532,32,1451,
108,서울,2018-06-23,24.5,20.9,531,28.9,1535,
108,서울,2018-06-24,25.2,20.1,517,32.1,1415,
108,서울,2018-06-25,27.1,21.3,541,32.9,1512,
108,서울,2018-06-26,22.3,20.2,930,26.9,1,71.5
108,서울,2018-06-27,22.3,19.1,425,25.5,1449,1
108,서울,2018-06-28,23.3,20.6,1755,27.3,1253,26.5
108,서울,2018-06-29,24.7,21.9,1,29.1,1601,6.5
108,서울,2018-06-30,24.4,21.6,412,27.9,1501,14.5
108,서울,2018-07-01,21.9,21,1201,22.8,213,83.5
108,서울,2018-07-02,22.6,20.6,623,25.3,1656,59.5
108,서울,2018-07-03,27.4,22.5,510,32.6,1704,.1
108,서울,2018-07-04,27.3,24,535,31.8,1533,
108,서울,2018-07-05,25.3,23.4,620,29,1515,.5
108,서울,2018-07-06,23.9,21.5,2359,27.1,1402,
108,서울,2018-07-07,23.7,19.5,552,29.2,1612,
108,서울,2018-07-08,23.3,17.7,626,28.1,1525,
108,서울,2018-07-09,20.8,20.1,1408,24.2,1,14
108,서울,2018-07-10,23.7,20.4,1,26.5,1630,16.5
108,서울,2018-07-11,26.8,24.4,347,29.5,1453,3
108,서울,2018-07-12,26.6,25.1,2355,28.2,1513,1
108,서울,2018-07-13,27.3,24.7,112,30.9,1754,
108,서울,2018-07-14,27.9,24.6,529,31.9,1552,0
108,서울,2018-07-15,28.3,24.5,401,33.2,1519,
108,서울,2018-07-16,28.7,24,557,34,1429,
108,서울,2018-07-17,28.1,23.9,605,32.1,1436,
108,서울,2018-07-18,28.2,23.7,532,33.2,1517,
108,서울,2018-07-19,28.7,23.2,613,34.1,1651,
108,서울,2018-07-20,29.5,24.6,546,34.7,1618,
108,서울,2018-07-21,30.6,24.9,524,36.9,1548,
108,서울,2018-07-22,31.8,25.3,536,38,1527,
108,서울,2018-07-23,31.7,29.2,404,35.7,1450,
108,서울,2018-07-24,31.4,27.2,539,36.8,1333,
108,서울,2018-07-25,30.1,27.7,2400,34.1,1554,
108,서울,2018-07-26,30.1,27.3,516,33.7,1543,
108,서울,2018-07-27,30.9,27.2,456,35.4,1258,
108,서울,2018-07-28,29.5,28,518,35.2,1340,7.5
108,서울,2018-07-29,31.3,26.4,551,36.7,1636,
108,서울,2018-07-30,31.7,26.2,529,36.9,1624,
108,서울,2018-07-31,32.6,27.8,604,38.3,1519,
108,서울,2018-08-01,33.6,27.8,556,39.6,1536,
108,서울,2018-08-02,33.7,30.3,607,37.9,1558,
108,서울,2018-08-03,33.1,30,2342,37.9,1415,
108,서울,2018-08-04,31.1,28,2335,34.9,1544,
108,서울,2018-08-05,30,27.2,507,33.9,1338,2
108,서울,2018-08-06,30.5,28.3,458,35.3,1637,6.5
108,서울,2018-08-07,30.5,26.8,538,35.9,1637,
108,서울,2018-08-08,31,27.6,555,35.3,1617,
108,서울,2018-08-09,28.8,27.1,2350,32.5,1528,2
108,서울,2018-08-10,30.7,25.7,559,36.8,1634,
108,서울,2018-08-11,31,26.4,605,36,1611,
108,서울,2018-08-12,30.6,27.2,555,35.3,1347,5
108,서울,2018-08-13,30.5,26.7,531,34.4,1518,1
108,서울,2018-08-14,31.7,27.7,608,37.2,1456,
108,서울,2018-08-15,31.7,28.3,608,38,1417,1
108,서울,2018-08-16,29.9,24.1,2356,35.6,1331,
108,서울,2018-08-17,27.2,21.7,602,33.8,1545,
108,서울,2018-08-18,26.7,21.5,612,32.1,1509,
108,서울,2018-08-19,28.2,23,608,34.4,1436,
108,서울,2018-08-20,29.1,25.1,616,33.3,1430,0
108,서울,2018-08-21,26.6,23.4,643,31,1647,5
108,서울,2018-08-22,30.7,23.4,453,37.6,1608,
108,서울,2018-08-23,29.4,25.7,2348,32.2,1507,3
108,서울,2018-08-24,24.4,23.2,2340,26.3,1101,7.5
108,서울,2018-08-25,25.2,22.7,2355,29.3,1401,
108,서울,2018-08-26,23.2,20.3,613,29,1136,2
108,서울,2018-08-27,22.7,20.2,135,24.9,1637,19.5
108,서울,2018-08-28,23.7,22.5,442,26.1,1029,96.5
108,서울,2018-08-29,25.2,22.7,1,27.4,1147,42
108,서울,2018-08-30,25.3,23.9,317,28.2,1259,9.5
108,서울,2018-08-31,25.6,22.8,719,30.3,1457,.1
108,서울,2018-09-01,25.5,20.8,615,30.9,1528,
108,서울,2018-09-02,25.1,20.1,603,29.6,1514,
108,서울,2018-09-03,23.3,21.4,2342,25.8,1521,34.5
108,서울,2018-09-04,23.2,20,540,27.8,1626,
108,서울,2018-09-05,24,19.6,616,28.5,1436,
108,서울,2018-09-06,24.1,20.9,635,28.2,1353,1
108,서울,2018-09-07,22,19.1,2330,25.5,1337,.5
108,서울,2018-09-08,21.7,15.9,653,27.7,1543,
108,서울,2018-09-09,22.2,15.6,620,28.9,1450,
108,서울,2018-09-10,22.9,18.6,616,28.4,1519,
108,서울,2018-09-11,21.6,16.8,618,26.1,1445,
108,서울,2018-09-12,22.8,16.8,621,28.2,1551,
108,서울,2018-09-13,23.5,20.3,547,28.3,1524,
108,서울,2018-09-14,23.5,20.3,622,26.8,1310,.5
108,서울,2018-09-15,23.3,21,559,26,1233,.2
108,서울,2018-09-16,22.2,21,1936,23.9,1212,2
108,서울,2018-09-17,22.3,18.5,630,27.7,1505,.1
108,서울,2018-09-18,22,17.7,536,26.5,1551,
108,서울,2018-09-19,22.1,18.9,614,26.6,1305,.2
108,서울,2018-09-20,19,17.8,719,20.1,1,5
108,서울,2018-09-21,19.4,17.6,537,21.9,1450,18
108,서울,2018-09-22,20.8,17.2,2357,25.5,1427,6.5
108,서울,2018-09-23,19.4,15.6,234,25.3,1515,0
108,서울,2018-09-24,17.6,14.2,516,22.1,1448,
108,서울,2018-09-25,17.8,10.8,645,24.3,1519,
108,서울,2018-09-26,19.4,16.2,522,24.8,1441,
108,서울,2018-09-27,18.9,13.2,626,25,1416,
108,서울,2018-09-28,17.5,14.3,608,22.2,1608,
108,서울,2018-09-29,20.2,14.6,553,27,1520,
108,서울,2018-09-30,17.6,14,2312,21.6,1453,
108,서울,2018-10-01,15.4,13,2400,19.7,1418,0
108,서울,2018-10-02,15.9,10.3,653,22,1622,
108,서울,2018-10-03,17.3,11.2,643,24.2,1526,
108,서울,2018-10-04,19.3,13,521,25.6,1510,
108,서울,2018-10-05,16.9,15.7,1013,19,1,36.5
108,서울,2018-10-06,18,16.3,2400,21.7,1551,55.5
108,서울,2018-10-07,16.4,12.3,2355,21.1,1524,
108,서울,2018-10-08,14.8,9.2,641,20.9,1437,
108,서울,2018-10-09,15.3,10.7,449,19.8,1230,0
108,서울,2018-10-10,12,7.9,2348,16.7,13,7
108,서울,2018-10-11,9.7,6.1,710,13.9,1331,
108,서울,2018-10-12,10.9,5.2,707,17.4,1508,
108,서울,2018-10-13,12.5,6.1,707,19.8,1500,
108,서울,2018-10-14,13.2,6.8,638,20.3,1457,
108,서울,2018-10-15,15.2,10.9,346,21,1530,
108,서울,2018-10-16,14.5,9.9,554,20.3,1417,
108,서울,2018-10-17,12.4,8.4,649,18.6,1427,
108,서울,2018-10-18,12.7,7.5,541,19,1456,
108,서울,2018-10-19,13.1,7.2,550,20.4,1409,
108,서울,2018-10-20,13.4,6.9,659,21.4,1452,
108,서울,2018-10-21,13.4,7.2,637,21.1,1512,
108,서울,2018-10-22,14,8.8,647,20.6,1400,
108,서울,2018-10-23,12.2,9.8,521,16.9,1524,5
108,서울,2018-10-24,12.5,7.6,726,18.7,1520,
108,서울,2018-10-25,13.8,7,641,21.2,1451,
108,서울,2018-10-26,12.2,9.9,2337,14.7,1536,11
108,서울,2018-10-27,8.7,6.2,2249,11.6,1459,
108,서울,2018-10-28,8.3,5.2,2354,13.5,1435,5.5
108,서울,2018-10-29,7.2,3.4,2358,11.7,1356,0
108,서울,2018-10-30,6.1,.7,532,11.6,1516,0
108,서울,2018-10-31,7.4,3,719,12.6,1522,0
108,서울,2018-11-01,8.4,2.5,648,15.2,1516,
108,서울,2018-11-02,10.6,4,634,19,1549,
108,서울,2018-11-03,11.2,5,712,19.1,1520,
108,서울,2018-11-04,11.6,5.3,727,19.4,1432,
108,서울,2018-11-05,11.9,6.6,707,18.3,1412,
108,서울,2018-11-06,12.2,8,659,17.5,1359,
108,서울,2018-11-07,12.8,10.3,550,15.7,1403,2
108,서울,2018-11-08,11.8,10.5,520,14.7,2017,64
108,서울,2018-11-09,12.1,9.5,726,15.4,1434,1
108,서울,2018-11-10,11.9,8.8,539,17.1,1358,0
108,서울,2018-11-11,8.1,5.4,2353,10.9,1126,0
108,서울,2018-11-12,8.1,3.1,719,15.1,1437,
108,서울,2018-11-13,8.8,4.1,605,15.4,1424,
108,서울,2018-11-14,9.8,4.8,723,16.6,1515,
108,서울,2018-11-15,9.7,4.7,632,16.2,1519,
108,서울,2018-11-16,8.8,4.2,2400,14.5,1303,
108,서울,2018-11-17,4.9,.6,746,11.4,1232,
108,서울,2018-11-18,6.1,1.9,545,10.7,1348,
108,서울,2018-11-19,6.5,3.3,718,11.3,1436,
108,서울,2018-11-20,6.5,0,731,12.7,1345,.2
108,서울,2018-11-21,5.8,3.1,2357,8.2,1248,1
108,서울,2018-11-22,2.3,-1.3,736,7.1,1335,
108,서울,2018-11-23,1.9,-3.1,748,7.6,1314,
108,서울,2018-11-24,2.6,.3,808,3.8,1456,10.9
108,서울,2018-11-25,4.8,1.3,700,9.8,1532,
108,서울,2018-11-26,6.3,1.6,704,13.6,1511,
108,서울,2018-11-27,7.1,3.1,350,12.5,1449,
108,서울,2018-11-28,5,2.1,754,11.1,1411,
108,서울,2018-11-29,3.5,.6,737,6.7,1443,0
108,서울,2018-11-30,2.7,-1.5,740,8,1314,
108,서울,2018-12-01,5.5,.8,405,12.4,1524,
108,서울,2018-12-02,8.2,2.8,302,11.8,1532,
108,서울,2018-12-03,11.5,9.3,643,13.5,1822,9.5
108,서울,2018-12-04,6.7,-.3,2400,11.8,2,5
108,서울,2018-12-05,0,-4.3,726,3.4,1416,
108,서울,2018-12-06,2.4,-1,2356,6.8,1302,0
108,서울,2018-12-07,-7.3,-9.6,2353,-1.1,1,
108,서울,2018-12-08,-8.3,-11.4,725,-4.4,1504,
108,서울,2018-12-09,-7.2,-11.8,735,-2.1,1538,
108,서울,2018-12-10,-2.5,-8.1,639,4.6,1521,
108,서울,2018-12-11,.2,-2.4,10,2.9,1344,
108,서울,2018-12-12,-1.9,-5,727,2.4,1426,
108,서울,2018-12-13,-2.2,-5.9,2358,2.1,1424,1.3
108,서울,2018-12-14,-4.4,-7.8,820,.6,1442,
108,서울,2018-12-15,-2.4,-7.8,734,3.2,1444,
108,서울,2018-12-16,0,-2.6,158,2.1,1531,.3
108,서울,2018-12-17,1.6,-1.5,2359,5.9,1439,.3
108,서울,2018-12-18,2.6,-2.8,720,7.4,1405,
108,서울,2018-12-19,4,1.3,618,9.5,1456,
108,서울,2018-12-20,3.4,-1.1,700,10.4,1521,
108,서울,2018-12-21,5.6,.4,153,9.8,1555,
108,서울,2018-12-22,6.9,2.9,835,12.4,1504,
108,서울,2018-12-23,2.4,-3.4,2355,7.5,1345,
108,서울,2018-12-24,-2.3,-5.9,809,3.1,1359,
108,서울,2018-12-25,.6,-4,105,5.2,1407,
108,서울,2018-12-26,-1.5,-7.1,2359,3,40,
108,서울,2018-12-27,-10.1,-12.5,2352,-6.5,1428,
108,서울,2018-12-28,-10.5,-14.4,724,-6.6,1545,
108,서울,2018-12-29,-7.6,-10.5,647,-3,1525,
108,서울,2018-12-30,-6.8,-11.3,533,-.9,1449,
108,서울,2018-12-31,-5.4,-10.5,730,-.5,1453,
108,서울,2019-01-01,-5,-8.2,631,-.6,1525,
108,서울,2019-01-02,-4.9,-8.8,802,.2,1458,
108,서울,2019-01-03,-3.5,-8.4,726,3.2,1436,
108,서울,2019-01-04,-1.1,-6.2,757,4.1,1504,
108,서울,2019-01-05,-2.8,-5.5,2358,1.1,1521,
108,서울,2019-01-06,-2.8,-6.3,154,2.7,1512,
108,서울,2019-01-07,-1.9,-6.2,658,3.1,1436,
108,서울,2019-01-08,-3.5,-7.2,2238,.5,1507,
108,서울,2019-01-09,-4.7,-9.4,630,1.3,1525,
108,서울,2019-01-10,-.6,-4.5,619,3,1222,
108,서울,2019-01-11,2.4,-.4,802,7.2,1413,
108,서울,2019-01-12,2.8,-.6,2359,8,1437,
108,서울,2019-01-13,1.2,-3,605,7.6,1419,
108,서울,2019-01-14,1.4,-2.4,719,5.3,1452,
108,서울,2019-01-15,-1.7,-7.2,2345,2.6,1456,0
108,서울,2019-01-16,-5.2,-10.1,724,-1.1,1542,0
108,서울,2019-01-17,-.3,-3.2,731,4,1559,0
108,서울,2019-01-18,.6,-4.6,737,6.7,1441,
108,서울,2019-01-19,3.6,0,327,8.5,1442,
108,서울,2019-01-20,-1.4,-5.5,2327,4,1,
108,서울,2019-01-21,-1.2,-6.7,326,4.2,1612,0
108,서울,2019-01-22,1.7,-3.3,706,7.1,1327,
108,서울,2019-01-23,2,-.8,712,7,1557,
108,서울,2019-01-24,.1,-4.6,806,6.5,1446,
108,서울,2019-01-25,-1.2,-3.8,825,2.6,1433,
108,서울,2019-01-26,-2.5,-6.5,816,2.4,1544,
108,서울,2019-01-27,-.1,-6.6,749,5.1,1448,
108,서울,2019-01-28,1.2,-2.4,2357,4.5,1523,0
108,서울,2019-01-29,-.2,-5.6,737,7,1508,
108,서울,2019-01-30,1.8,-2.8,746,6.6,1414,
108,서울,2019-01-31,-2,-6.2,2355,2.3,1,
108,서울,2019-02-01,-2.1,-7.4,333,2.8,1320,.3
108,서울,2019-02-02,1.4,-3.2,434,6.1,1643,0
108,서울,2019-02-03,3.3,2,352,4.9,1435,16
108,서울,2019-02-04,-.6,-3.3,806,3,1533,
108,서울,2019-02-05,2.8,-3.6,458,10.1,1500,
108,서울,2019-02-06,5.1,.1,715,9.3,1354,
108,서울,2019-02-07,-2.1,-8.2,2339,6.3,1,.5
108,서울,2019-02-08,-6.1,-10.2,741,-1.3,1354,
108,서울,2019-02-09,-5.4,-8.6,742,-1.9,1534,
108,서울,2019-02-10,-5,-9.1,634,-1.9,1506,
108,서울,2019-02-11,-3,-7.5,641,2,1622,
108,서울,2019-02-12,-.6,-4.1,117,3.7,1432,0
108,서울,2019-02-13,-2.1,-5.7,710,2.5,1559,
108,서울,2019-02-14,-.5,-5.9,743,6.3,1600,
108,서울,2019-02-15,-.8,-2.9,710,.9,1834,2.2
108,서울,2019-02-16,-2.7,-5.1,808,1.5,1558,.2
108,서울,2019-02-17,-1.8,-6.8,734,4.6,1603,
108,서울,2019-02-18,.9,-4.7,618,5.9,1350,
108,서울,2019-02-19,1.4,.2,510,3,1710,4.6
108,서울,2019-02-20,1.7,-.1,2359,4.5,1647,0
108,서울,2019-02-21,2.4,-2.6,703,9,1540,
108,서울,2019-02-22,4,-1.6,606,10.8,1603,
108,서울,2019-02-23,6.8,.5,640,14.5,1522,
108,서울,2019-02-24,6.3,1.2,648,13.7,1500,
108,서울,2019-02-25,4.7,1.3,725,10.2,1540,
108,서울,2019-02-26,5.2,-1.5,656,12,1514,
108,서울,2019-02-27,7.8,4.7,754,14,1400,
108,서울,2019-02-28,6.6,2,653,12.8,1446,
108,서울,2019-03-01,6.6,1.2,725,13,1451,
108,서울,2019-03-02,7.8,1.3,735,14.7,1503,
108,서울,2019-03-03,9.4,2.5,731,16.1,1417,
108,서울,2019-03-04,9.9,5,710,16.3,1452,
108,서울,2019-03-05,8.4,5.6,232,12.9,1350,
108,서울,2019-03-06,8.4,5.7,727,12.4,1555,
108,서울,2019-03-07,7,3.1,625,12.7,1455,
108,서울,2019-03-08,6.1,.6,712,13.4,1438,
108,서울,2019-03-09,7.2,-.4,712,14.9,1522,
108,서울,2019-03-10,10.1,6.7,725,15.3,1514,
108,서울,2019-03-11,6.6,3.5,710,10,1513,0
108,서울,2019-03-12,3.9,-.3,2354,7.9,1314,0
108,서울,2019-03-13,3.5,-.4,239,8.5,1456,0
108,서울,2019-03-14,5,-1.7,517,10,1307,0
108,서울,2019-03-15,5.5,1.6,2357,11.3,1508,3.5
108,서울,2019-03-16,4.3,.2,546,9.2,1326,
108,서울,2019-03-17,6.3,2.6,503,12.4,1617,
108,서울,2019-03-18,7.1,1.4,658,14.4,1440,
108,서울,2019-03-19,10,3.4,654,16.7,1456,
108,서울,2019-03-20,10.3,7.1,555,14.6,1415,16.5
108,서울,2019-03-21,7.1,1.9,2355,11.1,1304,3.3
108,서울,2019-03-22,3.3,-.7,613,8.3,1548,
108,서울,2019-03-23,3.3,-.4,549,8.2,1537,1.7
108,서울,2019-03-24,4.3,-.8,656,9.7,1423,
108,서울,2019-03-25,7.3,2.9,256,11.5,1636,
108,서울,2019-03-26,11.4,7.4,424,17.6,1602,
108,서울,2019-03-27,11.6,8.9,18,16.2,1240,
108,서울,2019-03-28,9.4,5.6,648,14.6,1523,
108,서울,2019-03-29,9.2,5.5,602,15.1,1406,
108,서울,2019-03-30,5.2,3.5,2017,8.4,1426,1.8
108,서울,2019-03-31,4.4,2.6,2356,8.4,1537,0
108,서울,2019-04-01,5.5,.3,555,11.3,1456,
108,서울,2019-04-02,6.7,1.3,538,13,1611,
108,서울,2019-04-03,7.6,1.9,604,13.6,1446,
108,서울,2019-04-04,9.2,3,535,15.7,1511,
108,서울,2019-04-05,11.4,7,305,17.2,1521,0
108,서울,2019-04-06,9.3,5.9,541,12.2,1234,.8
108,서울,2019-04-07,12.6,5.6,650,20.3,1505,
108,서울,2019-04-08,11.6,7.6,640,17.2,1611,
108,서울,2019-04-09,9.2,4.7,2233,13.9,1425,17.4
108,서울,2019-04-10,7.1,4.7,17,10.2,1813,5.6
108,서울,2019-04-11,9.5,4.3,529,15.7,1320,
108,서울,2019-04-12,11.4,5.5,627,18.4,1426,
108,서울,2019-04-13,11.8,6.2,551,17.9,1509,
108,서울,2019-04-14,9.6,6.9,2347,13.6,1557,1.7
108,서울,2019-04-15,11.6,3.9,603,18.1,1408,
108,서울,2019-04-16,14.9,6.8,630,22.6,1418,
108,서울,2019-04-17,15.3,9.1,543,21.8,1222,
108,서울,2019-04-18,12.6,10.4,2358,16.2,1315,0
108,서울,2019-04-19,13.8,9.6,321,19.7,1611,
108,서울,2019-04-20,14.3,9.7,419,19.1,1503,1.2
108,서울,2019-04-21,14.8,12.2,428,20.2,1610,.3
108,서울,2019-04-22,19.3,10.7,537,28.2,1611,
108,서울,2019-04-23,20.4,15.3,557,25.5,1422,0
108,서울,2019-04-24,19.5,15.8,558,25.9,1531,4.1
108,서울,2019-04-25,13.2,9.4,2355,17.2,419,11.3
108,서울,2019-04-26,8.4,6.2,2345,9.9,1312,4.9
108,서울,2019-04-27,11.6,4.1,514,18.2,1511,
108,서울,2019-04-28,12.9,9.9,2352,16.6,1448,0
108,서울,2019-04-29,13,8.3,552,17.3,1742,
108,서울,2019-04-30,15.5,9,547,22.5,1538,
108,서울,2019-05-01,16.4,11.2,603,22.2,1409,
108,서울,2019-05-02,17.1,10.6,555,25.3,1454,
108,서울,2019-05-03,17.9,10.1,550,26.1,1413,
108,서울,2019-05-04,19.5,12,601,27.4,1456,
108,서울,2019-05-05,19.2,13.6,603,26.5,1306,
108,서울,2019-05-06,14.5,9.8,601,19.8,1554,0
108,서울,2019-05-07,15,8.4,602,21.9,1434,
108,서울,2019-05-08,15.6,10.1,537,21.3,1536,
108,서울,2019-05-09,16.6,11.7,532,22.9,1527,
108,서울,2019-05-10,17.8,10.3,543,26.8,1518,
108,서울,2019-05-11,20.3,13.2,545,28.3,1430,
108,서울,2019-05-12,21.6,14.7,506,28.9,1524,
108,서울,2019-05-13,18.7,15.5,2332,22.8,1244,0
108,서울,2019-05-14,19.6,12.9,517,26.9,1429,
108,서울,2019-05-15,20.7,14.8,529,28,1542,
108,서울,2019-05-16,23.5,16.7,539,30,1450,
108,서울,2019-05-17,23.6,17.6,543,28.3,1528,
108,서울,2019-05-18,22.8,19.1,607,25.9,1631,0
108,서울,2019-05-19,19.4,17.9,542,21.6,1,22
108,서울,2019-05-20,16.4,13,2352,20.2,43,8.7
108,서울,2019-05-21,17.2,11.7,507,23.8,1449,
108,서울,2019-05-22,19.5,12.3,559,26.5,1539,
108,서울,2019-05-23,22.1,15,543,29.2,1607,
108,서울,2019-05-24,24.2,16.2,520,33.4,1622,
108,서울,2019-05-25,23.4,18.4,604,28.6,1538,
108,서울,2019-05-26,24.5,18.6,613,31.1,1342,
108,서울,2019-05-27,17.8,14.3,2356,22.3,221,7.1
108,서울,2019-05-28,18.1,11.9,515,24.6,1444,
108,서울,2019-05-29,20.3,13.3,517,26.5,1459,
108,서울,2019-05-30,19.6,14.6,511,24.5,1123,0
108,서울,2019-05-31,19.1,16.1,2355,23.3,1448,
108,서울,2019-06-01,18.9,14.8,321,23.7,1714,
108,서울,2019-06-02,21.1,14.1,524,27.8,1438,
108,서울,2019-06-03,23.1,16,545,29.5,1633,
108,서울,2019-06-04,22.6,17.6,517,29,1414,
108,서울,2019-06-05,23,17.8,236,29.6,1406,
108,서울,2019-06-06,21.2,18.6,345,25.1,1336,7.5
108,서울,2019-06-07,20,17,515,24.7,1742,35.3
108,서울,2019-06-08,21.9,16,504,27.6,1434,
108,서울,2019-06-09,21.6,17.1,2324,26.5,1302,2.5
108,서울,2019-06-10,18.4,15.7,359,21.9,1639,9.5
108,서울,2019-06-11,20.5,15.5,553,26.1,1604,
108,서울,2019-06-12,21.5,16.1,538,26.4,1404,
108,서울,2019-06-13,23,16.6,534,28.8,1549,
108,서울,2019-06-14,23,19.1,528,28.4,1506,
108,서울,2019-06-15,21.9,17.9,2359,27.4,1613,2.1
108,서울,2019-06-16,22,16.1,526,27.2,1619,
108,서울,2019-06-17,21.7,18.1,614,26.2,1515,0
108,서울,2019-06-18,20.8,17,722,24.8,1345,13.8
108,서울,2019-06-19,21.4,18.9,428,25.4,1417,.2
108,서울,2019-06-20,22.7,19.8,525,27.8,1602,
108,서울,2019-06-21,22.1,19.4,220,26.1,1503,.2
108,서울,2019-06-22,24.2,17.7,501,30.6,1523,
108,서울,2019-06-23,25,19.1,554,31,1603,
108,서울,2019-06-24,25.2,20.9,548,30.9,1440,
108,서울,2019-06-25,25.6,19.5,517,32.8,1532,
108,서울,2019-06-26,25.5,20.7,531,29.5,1533,0
108,서울,2019-06-27,25.5,21.9,525,31.2,1410,1.4
108,서울,2019-06-28,24.7,22.3,2357,29,1546,0
108,서울,2019-06-29,23.1,19.6,726,27.7,1639,1.5
108,서울,2019-06-30,23.9,20.9,525,28.5,1248,0
108,서울,2019-07-01,23.9,20.6,417,28.9,1551,
108,서울,2019-07-02,24.4,20.8,541,30.1,1428,
108,서울,2019-07-03,24.1,21.2,435,27.4,1140,
108,서울,2019-07-04,25.4,20,535,32.8,1426,
108,서울,2019-07-05,27.6,20.2,448,35,1526,0
108,서울,2019-07-06,29.7,24.6,546,36.1,1535,
108,서울,2019-07-07,26.7,22.7,2350,32.5,1520,
108,서울,2019-07-08,25.1,21.2,502,31,1459,
108,서울,2019-07-09,25,19.7,530,30,1326,
108,서울,2019-07-10,22.7,19.3,2216,27.3,1147,8.5
108,서울,2019-07-11,21.9,19.5,1,25.9,1320,2.9
108,서울,2019-07-12,23.6,20,353,28.7,1524,
108,서울,2019-07-13,24.9,22.1,522,29.7,1514,0
108,서울,2019-07-14,25.9,21.2,455,31.6,1356,
108,서울,2019-07-15,23.8,22.1,2001,27.4,1152,7.7
108,서울,2019-07-16,24.7,21.4,402,28.8,1644,6.3
108,서울,2019-07-17,25.6,22.3,555,29.2,1546,.7
108,서울,2019-07-18,26.9,23.3,505,32.1,1515,
108,서울,2019-07-19,28.6,22.8,546,35,1450,0
108,서울,2019-07-20,28,25.1,846,31.9,1527,1.1
108,서울,2019-07-21,25.1,24.2,546,27,3,6.2
108,서울,2019-07-22,26.7,24.2,355,31,1709,.1
108,서울,2019-07-23,28.1,24.4,158,32.9,1613,
108,서울,2019-07-24,26.5,25.2,851,27.2,2,1
108,서울,2019-07-25,26.3,25.6,552,27.4,1425,9.7
108,서울,2019-07-26,25.1,23.7,927,25.9,1,60
108,서울,2019-07-27,28.4,24.9,442,33.4,1523,.6
108,서울,2019-07-28,26.1,25,1128,28.2,1,25.6
108,서울,2019-07-29,27.5,25.6,539,30,1552,.5
108,서울,2019-07-30,28.1,26.3,721,30.8,1332,1.2
108,서울,2019-07-31,25.8,24,950,27.5,2,62.3
108,서울,2019-08-01,26.3,23.5,906,30.1,1626,26.9
108,서울,2019-08-02,28.4,24.7,432,33.1,1715,
108,서울,2019-08-03,29.4,25.6,536,36,1411,3
108,서울,2019-08-04,28.3,25,544,34.4,1442,8.6
108,서울,2019-08-05,30.5,25.6,528,35.9,1530,
108,서울,2019-08-06,31.6,27.9,539,36.8,1450,
108,서울,2019-08-07,26.9,23.9,756,30.3,1801,8
108,서울,2019-08-08,28.9,25.9,602,32.7,1504,0
108,서울,2019-08-09,29.8,26,601,34.6,1704,
108,서울,2019-08-10,31.5,26.6,545,36.5,1450,
108,서울,2019-08-11,30.4,26.3,600,35.7,1546,6.7
108,서울,2019-08-12,26.6,24.8,127,28.5,1638,56.2
108,서울,2019-08-13,29.2,25.1,658,35.3,1604,6.4
108,서울,2019-08-14,30.4,25.9,549,35.7,1345,
108,서울,2019-08-15,25.9,23.9,2334,28.6,1,16.2
108,서울,2019-08-16,25.9,23,526,29.5,1414,.1
108,서울,2019-08-17,25.9,23.4,2357,28.8,1539,0
108,서울,2019-08-18,25.6,22.6,549,30.7,1558,
108,서울,2019-08-19,26.3,21.2,552,31.3,1532,
108,서울,2019-08-20,28.2,23.2,555,32.8,1450,
108,서울,2019-08-21,27,24.4,633,30.4,1159,1.3
108,서울,2019-08-22,26.9,23,444,31.4,1355,
108,서울,2019-08-23,26.2,22.7,628,30.5,1433,
108,서울,2019-08-24,24.1,21.5,433,27.3,1504,
108,서울,2019-08-25,25,20.2,543,29.9,1445,
108,서울,2019-08-26,26.4,21.5,619,32.1,1537,
108,서울,2019-08-27,25.7,22.2,622,29.3,1643,20
108,서울,2019-08-28,26.1,23.6,621,30.2,1509,
108,서울,2019-08-29,23.4,20.1,1113,26.4,1635,36.9
108,서울,2019-08-30,22.6,19.5,528,27,1427,.2
108,서울,2019-08-31,23.5,18.5,614,28.9,1617,
108,서울,2019-09-01,23.7,19.2,602,27.8,1538,
108,서울,2019-09-02,24.4,19.4,642,29.7,1432,
108,서울,2019-09-03,24.1,22,632,28,1504,0
108,서울,2019-09-04,22.8,21.2,821,25.5,1609,22.7
108,서울,2019-09-05,23,21.5,1700,27.6,1221,36.4
108,서울,2019-09-06,25.3,21.6,1,29.1,1358,2.4
108,서울,2019-09-07,25.7,22.6,2011,29.5,1152,2.8
108,서울,2019-09-08,24.7,22.9,632,27.3,1403,0
108,서울,2019-09-09,25.1,22.4,605,28,1225,0
108,서울,2019-09-10,23.8,22.1,644,26.5,1235,63.2
108,서울,2019-09-11,24.3,20.4,621,28.7,1323,7.6
108,서울,2019-09-12,21,18.7,2122,22.9,2,3.9
108,서울,2019-09-13,23.3,18.3,453,29.3,1555,.1
108,서울,2019-09-14,22.4,20.8,2353,24.1,1138,.3
108,서울,2019-09-15,24.2,19.5,638,30,1636,
108,서울,2019-09-16,24.5,20.7,630,30.5,1608,
108,서울,2019-09-17,23.5,18,611,29,1549,
108,서울,2019-09-18,21,16,2358,25.4,1328,
108,서울,2019-09-19,19.5,13.6,445,26,1554,
108,서울,2019-09-20,19.6,15.8,439,24.2,1341,
108,서울,2019-09-21,19.6,18.3,530,22.1,1242,
108,서울,2019-09-22,18.6,17.3,558,19.6,1117,.4
108,서울,2019-09-23,20,16.9,636,24.6,1655,
108,서울,2019-09-24,19.8,13.9,625,26.5,1443,
108,서울,2019-09-25,20.9,14.8,617,27.4,1433,
108,서울,2019-09-26,22.9,17.7,618,29,1407,
108,서울,2019-09-27,22.9,19.6,609,27,1421,
108,서울,2019-09-28,23.7,19.4,656,29.2,1410,
108,서울,2019-09-29,22.6,17.9,623,28.6,1502,
108,서울,2019-09-30,22.4,16.4,631,29.9,1445,
108,서울,2019-10-01,23.1,17.6,622,28.2,1536,
108,서울,2019-10-02,21.6,20,2330,24.2,1112,23.1
108,서울,2019-10-03,22.4,19.8,452,27.3,1435,4.6
108,서울,2019-10-04,22.4,18,636,27.8,1442,
108,서울,2019-10-05,18.7,14.7,2358,21.9,1439,.6
108,서울,2019-10-06,18.1,13.2,604,22.7,1444,
108,서울,2019-10-07,14.8,13.3,2309,17.9,1,25.4
108,서울,2019-10-08,14.7,10.6,2331,19.8,1442,
108,서울,2019-10-09,13.6,7.7,704,20.4,1441,
108,서울,2019-10-10,15.2,10.7,215,19.8,1508,
108,서울,2019-10-11,18.8,13,659,26.1,1548,
108,서울,2019-10-12,17.9,13.3,2346,23.3,1319,
108,서울,2019-10-13,17.2,12.1,413,23.8,1517,
108,서울,2019-10-14,14.4,9.5,2358,19.6,1410,
108,서울,2019-10-15,14.5,8.8,155,20.4,1355,
108,서울,2019-10-16,14.6,9,656,20.8,1450,
108,서울,2019-10-17,15.4,11.2,600,21.6,1532,
108,서울,2019-10-18,17,12,419,22.7,1336,
108,서울,2019-10-19,17,12.1,710,23.1,1546,
108,서울,2019-10-20,16.5,12,642,22.9,1438,
108,서울,2019-10-21,17.1,10.9,637,24.6,1443,
108,서울,2019-10-22,18.1,13.3,700,24.4,1431,
108,서울,2019-10-23,17,14.3,649,20.7,1414,
108,서울,2019-10-24,18.3,15.3,217,23.8,1504,
108,서울,2019-10-25,16.7,13.1,2357,22,1228,0
108,서울,2019-10-26,10,6.6,732,14.9,1327,
108,서울,2019-10-27,11,4.7,729,17.4,1515,
108,서울,2019-10-28,12.9,7.4,532,17.7,1236,1.7
108,서울,2019-10-29,12.5,8.2,2400,17.6,1300,.1
108,서울,2019-10-30,11.2,5,706,17.7,1336,
108,서울,2019-10-31,14.8,8.4,644,19.7,1430,
108,서울,2019-11-01,14.9,11.4,2352,20.5,1413,
108,서울,2019-11-02,13.6,8.3,626,18.7,1451,
108,서울,2019-11-03,14.7,9.4,721,22.1,1455,
108,서울,2019-11-04,13.8,9.2,650,20.3,1506,
108,서울,2019-11-05,12.4,8.4,653,18.4,1440,
108,서울,2019-11-06,11,6.3,710,16.5,1422,
108,서울,2019-11-07,9.2,5,2357,13.6,1320,
108,서울,2019-11-08,6.8,1.1,724,13,1443,
108,서울,2019-11-09,9.5,3.5,657,17.2,1455,
108,서울,2019-11-10,10,6.2,419,15.3,1524,11.8
108,서울,2019-11-11,11.2,7.9,2359,15.1,1406,1.1
108,서울,2019-11-12,9.3,4.8,728,14.5,1419,
108,서울,2019-11-13,7.2,3,2357,11.3,1343,7.5
108,서울,2019-11-14,1.3,-2.5,739,5,1521,
108,서울,2019-11-15,5.6,1.4,1,7.6,1515,18.8
108,서울,2019-11-16,6.8,3.8,553,12.7,1557,
108,서울,2019-11-17,8.3,5.6,4,10.5,2400,21.1
108,서울,2019-11-18,4.6,.4,2103,12.7,120,14.7
108,서울,2019-11-19,.2,-3.5,729,4,1416,0
108,서울,2019-11-20,.5,-4.6,722,6.3,1514,
108,서울,2019-11-21,4.2,-2.3,649,9,1336,
108,서울,2019-11-22,9.7,3,714,17.3,1538,
108,서울,2019-11-23,12.1,7.7,254,17.7,1503,
108,서울,2019-11-24,9.8,4.6,2354,15.6,1220,3.8
108,서울,2019-11-25,1.9,-1.2,733,6,1541,
108,서울,2019-11-26,6.6,1.2,241,13.7,1303,
108,서울,2019-11-27,3.1,.3,2355,6.8,1423,
108,서울,2019-11-28,3.5,-.6,245,10.4,1330,
108,서울,2019-11-29,1.5,-3.4,745,6.9,1556,
108,서울,2019-11-30,4.1,-1.4,552,9.3,1301,
108,서울,2019-12-01,4.6,2.3,2354,6.2,1212,3.3
108,서울,2019-12-02,-.1,-3.2,2355,2.8,1404,
108,서울,2019-12-03,.5,-5,520,4.2,1501,.6
108,서울,2019-12-04,2,-2,757,7.2,1403,0
108,서울,2019-12-05,-4.4,-8.5,2335,-.2,3,
108,서울,2019-12-06,-5.9,-10.6,753,-1,1524,
108,서울,2019-12-07,-2.4,-5.5,154,1.2,1603,.1
108,서울,2019-12-08,-.9,-5.5,743,4.9,1445,
108,서울,2019-12-09,3.2,-1.3,301,8,2311,0
108,서울,2019-12-10,8.1,6,825,10.8,1532,1.7
108,서울,2019-12-11,6.3,.1,2357,9.8,647,.2
108,서울,2019-12-12,-.7,-3.5,813,3.4,1458,
108,서울,2019-12-13,2.1,-3.7,629,5.9,2209,1
108,서울,2019-12-14,2.7,-.1,812,6.4,1424,0
108,서울,2019-12-15,5.3,.4,225,11,1453,
108,서울,2019-12-16,7.8,2.1,517,12.9,1531,
108,서울,2019-12-17,7.7,3.2,2356,10.2,1,9.8
108,서울,2019-12-18,.8,-1.7,815,5.2,1339,
108,서울,2019-12-19,-.8,-4.5,740,3.1,1506,0
108,서울,2019-12-20,-1.1,-3.5,2352,2,1422,0
108,서울,2019-12-21,-1.2,-5.1,603,1.5,1344,.6
108,서울,2019-12-22,4.1,.3,703,8.4,1513,.3
108,서울,2019-12-23,3.4,.3,2351,5.2,1,2.9
108,서울,2019-12-24,.8,-2.9,658,6.5,1451,
108,서울,2019-12-25,2,-2.7,539,6.6,1453,
108,서울,2019-12-26,2,-2.4,2354,4.1,1439,.3
108,서울,2019-12-27,-1.7,-4.6,724,2.6,1442,
108,서울,2019-12-28,1.1,-3.6,336,6.1,1347,
108,서울,2019-12-29,3.8,1.1,43,6.2,1525,1.4
108,서울,2019-12-30,2.7,-5.7,2359,6.8,1131,.4
108,서울,2019-12-31,-7.9,-10.9,734,-4.5,1526,0
108,서울,2020-01-01,-2.2,-6.5,1,.3,1457,.1
108,서울,2020-01-02,1,-.7,1,3.8,1500,
108,서울,2020-01-03,-.1,-3.4,807,4.6,1547,
108,서울,2020-01-04,1.2,-2.8,512,6.1,1450,
108,서울,2020-01-05,1.3,-3.2,821,6.6,1453,
108,서울,2020-01-06,3.1,.6,53,4.6,1158,1.8
108,서울,2020-01-07,6.3,4.2,1,7.7,2350,46.3
108,서울,2020-01-08,2.4,-.4,2336,8.9,47,11.6
108,서울,2020-01-09,-1.2,-3.1,2349,2,1534,
108,서울,2020-01-10,-.6,-4.3,453,4.2,1534,
108,서울,2020-01-11,-.1,-2.6,806,3.9,1334,
108,서울,2020-01-12,-1,-3.5,633,2.8,1551,
108,서울,2020-01-13,-2.9,-4.7,632,.2,1422,
108,서울,2020-01-14,-2.3,-5.7,637,2.6,1413,
108,서울,2020-01-15,-2.7,-6.4,722,2.2,1510,
108,서울,2020-01-16,-1.7,-5.5,816,3.2,1430,
108,서울,2020-01-17,-.6,-4.8,720,4.9,1449,
108,서울,2020-01-18,.3,-4.1,802,5.9,1503,
108,서울,2020-01-19,1.9,-.4,3,5.3,1510,.6
108,서울,2020-01-20,.7,-3.3,2324,5.5,1313,
108,서울,2020-01-21,-.4,-5.6,800,5.5,1541,
108,서울,2020-01-22,3,-.1,47,7.8,1447,
108,서울,2020-01-23,4.6,0,802,9.9,1450,
108,서울,2020-01-24,2.8,-1.3,816,7.4,1534,
108,서울,2020-01-25,4.3,.6,251,8.8,1202,
108,서울,2020-01-26,5.5,-.2,747,11.9,1516,
108,서울,2020-01-27,5.9,4.8,2331,7.5,1418,.1
108,서울,2020-01-28,6.8,4.3,231,9.9,1442,0
108,서울,2020-01-29,6,3.2,708,9.6,1450,
108,서울,2020-01-30,5.2,1.4,814,10.4,1249,
108,서울,2020-01-31,3.9,1.4,2357,8.9,1347,0
108,서울,2020-02-01,2.6,-1.2,705,7.6,1556,
108,서울,2020-02-02,1.5,-2.1,747,5.3,1309,
108,서울,2020-02-03,-.4,-2.9,2357,3,1456,0
108,서울,2020-02-04,-1.6,-6,635,3.9,1429,1.7
108,서울,2020-02-05,-8.3,-11,757,-4.9,1601,
108,서울,2020-02-06,-6.4,-11.8,634,.4,1433,
108,서울,2020-02-07,-1.7,-7.2,123,2.2,1533,0
108,서울,2020-02-08,-.1,-2.3,803,3.7,1611,0
108,서울,2020-02-09,-.5,-5.6,742,4.1,1447,0
108,서울,2020-02-10,4,-.7,646,9.6,1500,0
108,서울,2020-02-11,6.8,-.5,711,14.6,1526,
108,서울,2020-02-12,7.4,6.5,1219,8.2,1928,6.7
108,서울,2020-02-13,6.5,4.9,656,8.7,1534,
108,서울,2020-02-14,8.1,3.2,708,14.7,1631,
108,서울,2020-02-15,9.8,6.2,735,15.6,1250,2
108,서울,2020-02-16,-1.4,-4.3,2245,7.7,1,13.4
108,서울,2020-02-17,-5.9,-7.1,2258,-3.9,130,1
108,서울,2020-02-18,-4.1,-8.3,745,1.3,1608,
108,서울,2020-02-19,1,-4.4,624,6.4,1512,
108,서울,2020-02-20,4.6,-.6,659,10.8,1547,
108,서울,2020-02-21,6.7,2.1,459,10.9,1438,4.2
108,서울,2020-02-22,4,0,2340,7.9,1246,3.1
108,서울,2020-02-23,2.5,-2.5,645,8,1446,
108,서울,2020-02-24,7,.8,514,12.2,1408,
108,서울,2020-02-25,6.7,4.7,2400,9.4,1642,16.6
108,서울,2020-02-26,6.4,2.8,423,10.4,1513,0
108,서울,2020-02-27,6.1,1.3,657,12.5,1528,
108,서울,2020-02-28,4.5,3.6,1335,5.9,1013,3.9
108,서울,2020-02-29,7.7,4.5,1,13,1550,.5
108,서울,2020-03-01,5.8,3.2,511,10.1,1314,.2
108,서울,2020-03-02,3.4,0,723,7.6,1546,0
108,서울,2020-03-03,4.8,.3,441,10.5,1329,
108,서울,2020-03-04,2.2,-1.3,2351,4.6,1046,0
108,서울,2020-03-05,1.4,-2.8,654,6.3,1527,
108,서울,2020-03-06,3.7,-2.5,718,10.1,1621,
108,서울,2020-03-07,7,1.3,633,14.2,1442,
108,서울,2020-03-08,9.3,2.3,723,16.9,1559,
108,서울,2020-03-09,11.1,4.8,719,17.6,1423,
108,서울,2020-03-10,6.4,3.2,2343,10.8,1,11.8
108,서울,2020-03-11,3.8,0,658,8.3,1454,
108,서울,2020-03-12,6.8,.2,638,13.3,1435,
108,서울,2020-03-13,4.9,-.1,2400,8.7,1427,.5
108,서울,2020-03-14,3.6,-2.7,642,8.6,1440,
108,서울,2020-03-15,4,.2,2335,8.5,1327,
108,서울,2020-03-16,3.6,-2.1,638,9.1,1510,
108,서울,2020-03-17,6.6,3.1,46,12.3,1537,
108,서울,2020-03-18,10,2.7,726,17,1550,
108,서울,2020-03-19,9.1,5.8,2400,12.1,641,0
108,서울,2020-03-20,8.8,3.1,641,14,1421,
108,서울,2020-03-21,12.8,7.9,107,19.5,1538,
108,서울,2020-03-22,11,6.1,631,16.5,1402,
108,서울,2020-03-23,10.6,5.4,516,17,1507,
108,서울,2020-03-24,11.4,5.3,558,17.9,1444,
108,서울,2020-03-25,12.5,6.1,644,19.2,1401,
108,서울,2020-03-26,14.8,8.1,622,20.6,1330,1.8
108,서울,2020-03-27,11.9,6.7,2357,15.8,1512,2
108,서울,2020-03-28,7.7,4.5,622,12.8,1522,
108,서울,2020-03-29,8.7,1.3,632,16.1,1520,
108,서울,2020-03-30,10.2,4.3,658,16.9,1542,
108,서울,2020-03-31,11.9,4.7,622,18.6,1401,
108,서울,2020-04-01,11.3,6,2358,17.4,1350,
108,서울,2020-04-02,9.3,3.4,613,15.5,1315,
108,서울,2020-04-03,10,5.3,504,16.3,1434,
108,서울,2020-04-04,8.9,5,2358,13.3,1505,
108,서울,2020-04-05,7.2,1.9,605,13.7,1516,
108,서울,2020-04-06,9.3,2.9,601,16.1,1348,
108,서울,2020-04-07,10.6,6,430,16.8,1416,
108,서울,2020-04-08,9.4,5.2,457,14.2,1557,
108,서울,2020-04-09,8.9,4.3,604,14.7,1437,
108,서울,2020-04-10,10.7,5.8,520,16.8,1527,
108,서울,2020-04-11,9.9,6.2,630,16,1441,
108,서울,2020-04-12,9.9,4.4,617,15.6,1136,
108,서울,2020-04-13,12.4,4.3,617,20.4,1617,
108,서울,2020-04-14,13,7.6,631,19.6,1351,
108,서울,2020-04-15,13.2,7.2,609,20.2,1510,
108,서울,2020-04-16,16,8.9,353,23.8,1535,
108,서울,2020-04-17,12.5,10.4,959,15.4,201,6.5
108,서울,2020-04-18,13.5,8.5,632,19.6,1455,
108,서울,2020-04-19,12.3,9.5,2300,15.5,1332,10.3
108,서울,2020-04-20,10,7.6,2353,13.1,1059,.1
108,서울,2020-04-21,7.4,4.8,2257,10.4,1418,
108,서울,2020-04-22,6,4.1,550,8.3,1405,0
108,서울,2020-04-23,7.9,2.9,543,12.8,1456,
108,서울,2020-04-24,9.9,4.1,612,14.3,1409,
108,서울,2020-04-25,13.1,9.9,1,17.1,1447,
108,서울,2020-04-26,12.3,6.8,612,19,1527,
108,서울,2020-04-27,12.9,8.7,516,18.3,1419,
108,서울,2020-04-28,13.9,7.8,555,19.9,1447,
108,서울,2020-04-29,14.9,9.3,559,21,1333,
108,서울,2020-04-30,17.1,9.3,553,23.4,1459,
108,서울,2020-05-01,20.2,16.4,301,26.2,1450,
108,서울,2020-05-02,20.3,18,328,23.9,1500,0
108,서울,2020-05-03,21.8,17,520,27.4,1459,0
108,서울,2020-05-04,20.2,14.8,2359,25.3,1358,
108,서울,2020-05-05,16,13.1,519,19.3,1211,
108,서울,2020-05-06,19.4,11.1,546,27.6,1546,
108,서울,2020-05-07,20.7,14.9,541,26.5,1419,
108,서울,2020-05-08,19.9,14.3,2357,27.3,1423,2.3
108,서울,2020-05-09,14.2,12.7,338,16.8,1623,24.4
108,서울,2020-05-10,14.4,12.8,138,16.6,1405,1.3
108,서울,2020-05-11,16.5,12.4,2358,22,1414,3.4
108,서울,2020-05-12,14.3,10.5,516,18.9,1527,.7
108,서울,2020-05-13,16.1,10.2,607,21.8,1420,
108,서울,2020-05-14,19.3,12.4,402,25.4,1346,
108,서울,2020-05-15,16.1,14.1,1052,20.2,426,12
108,서울,2020-05-16,16.7,15,1,20.3,1644,2.5
108,서울,2020-05-17,19.1,14.6,537,24.9,1640,0
108,서울,2020-05-18,19.1,13.2,2202,26.8,1429,29.8
108,서울,2020-05-19,13,10.1,2355,17.1,1605,19
108,서울,2020-05-20,14.4,9.2,213,20.1,1427,0
108,서울,2020-05-21,17.4,10.9,519,22.9,1630,
108,서울,2020-05-22,18.5,14.8,541,22.7,1541,0
108,서울,2020-05-23,20.1,16.6,545,25,1530,0
108,서울,2020-05-24,17.1,14.3,2319,20.2,1415,14.5
108,서울,2020-05-25,16.6,13.7,2357,21.3,1513,
108,서울,2020-05-26,16.2,12.7,535,22.9,1400,1.5
108,서울,2020-05-27,17.4,11.8,602,23.9,1450,
108,서울,2020-05-28,18.7,14.2,529,23.4,1605,0
108,서울,2020-05-29,20.7,14.6,546,27.6,1652,
108,서울,2020-05-30,22.6,16.5,530,30,1601,
108,서울,2020-05-31,21.2,17.6,523,28,1332,1
108,서울,2020-06-01,19.7,16.6,528,24.5,1603,.4
108,서울,2020-06-02,17.9,14.8,449,21.8,1526,2
108,서울,2020-06-03,22,17.6,546,28.4,1516,
108,서울,2020-06-04,21.9,19.7,2358,26.5,1401,.2
108,서울,2020-06-05,23,18.4,443,28.7,1529,
108,서울,2020-06-06,24.6,19.2,541,30.9,1543,
108,서울,2020-06-07,22.7,19.2,318,29.2,1545,
108,서울,2020-06-08,25,19.8,101,32,1529,
108,서울,2020-06-09,26.7,20.3,558,32.8,1502,
108,서울,2020-06-10,25.8,22.5,548,32.1,1356,6.2
108,서울,2020-06-11,26.1,21.7,511,31.6,1620,0
108,서울,2020-06-12,24.7,21.6,525,27.6,1421,
108,서울,2020-06-13,26.9,20.6,541,33.5,1513,0
108,서울,2020-06-14,24,20.1,2355,28.8,1433,1.1
108,서울,2020-06-15,23,18.2,548,28.6,1500,
108,서울,2020-06-16,24.4,20,357,30.7,1527,
108,서울,2020-06-17,24.3,20.2,533,30.3,1455,
108,서울,2020-06-18,23.4,20.3,541,27.3,1551,
108,서울,2020-06-19,24.7,21.1,658,30,1448,.1
108,서울,2020-06-20,24.9,20.7,503,29.7,1254,
108,서울,2020-06-21,26.1,19.5,544,32.7,1450,
108,서울,2020-06-22,28.6,21.7,522,35.4,1509,
108,서울,2020-06-23,27.3,23.2,610,31,1405,0
108,서울,2020-06-24,22.3,19.9,1250,26.3,1,37.6
108,서울,2020-06-25,21.6,20.1,2331,23.4,1527,13.3
108,서울,2020-06-26,21.8,19.2,338,25.7,1529,2.1
108,서울,2020-06-27,24.1,20.4,524,29.6,1525,0
108,서울,2020-06-28,25.2,21.5,554,30.1,1507,
108,서울,2020-06-29,23.8,20.6,2357,26.5,1059,11.9
108,서울,2020-06-30,20.1,18.4,507,23.1,1450,64.7
108,서울,2020-07-01,21.1,18.1,447,24.3,1642,0
108,서울,2020-07-02,24.2,20.4,114,29.8,1635,
108,서울,2020-07-03,25.5,21.6,2400,30.6,1508,.1
108,서울,2020-07-04,24.2,20.4,542,29.5,1451,1.6
108,서울,2020-07-05,23.8,19.9,521,27.6,1313,
108,서울,2020-07-06,25.6,21.8,554,30.9,1605,
108,서울,2020-07-07,24.1,22.1,659,28.1,1647,0
108,서울,2020-07-08,25.5,21.3,536,30.4,1602,
108,서울,2020-07-09,27.5,21.8,526,32.9,1449,
108,서울,2020-07-10,24.5,22.7,2344,27.7,1,2.2
108,서울,2020-07-11,25.8,22.2,432,30.2,1406,
108,서울,2020-07-12,23.5,21.7,2319,26,1235,2.9
108,서울,2020-07-13,18.7,17.7,615,21.7,1,47.6
108,서울,2020-07-14,20.3,17.2,416,24.3,1533,11.5
108,서울,2020-07-15,23.4,18.9,547,28.7,1703,
108,서울,2020-07-16,25,20.4,454,29.7,1514,
108,서울,2020-07-17,26,21.5,544,31.6,1433,0
108,서울,2020-07-18,26.1,22.8,529,31,1539,
108,서울,2020-07-19,24,20.6,904,26.6,2201,29.1
108,서울,2020-07-20,23.8,22.4,2217,26.6,212,3.6
108,서울,2020-07-21,25,21.4,611,30.5,1533,0
108,서울,2020-07-22,23.7,22.6,2222,25.7,1501,11.5
108,서울,2020-07-23,21.1,18.5,2319,22.6,1,103.1
108,서울,2020-07-24,22.5,18.7,1,26.8,1625,2.9
108,서울,2020-07-25,24.3,22.3,235,29,1555,0
108,서울,2020-07-26,25.4,21.6,549,29.6,1614,0
108,서울,2020-07-27,24.3,22.9,611,25.5,1540,2.2
108,서울,2020-07-28,24.4,22.7,548,26.4,1447,.4
108,서울,2020-07-29,23.7,22.6,925,24.9,1746,50.1
108,서울,2020-07-30,25.3,23.4,2324,28.4,1439,.1
108,서울,2020-07-31,26.2,22.8,635,29.6,1319,1.5
